Trip #,Post-trip,Outside temp ?C,Inside Temp ?C,Blue score,Distance Since start Km,Average Speed Since start Km/hr,Time Since start (includes key on),Economy Since start Kwh/100km,range indicator Km,Brake Mode,Climate control usage,Road style,Reset Meters,"                       Notes: Driving area, warnings, reminders, incedents, issues, feeling"
1,Y,5,,85,17,43,:23,16,139,B,N,Highway,,
2,Y,-5,,81,14,54,:14,21,99,B,Y,Highway,,
3,Y,-6,,98,3,40,:10,24.3,89,0,Y,City/Highway,,
4,Y,-8.5,,87,2,15,:10,38.7,75,0,Y,City ,,Not using a braking mode this car coasts really far!
5,Y,-12,,86,22,35,:38,26.7,42,0,Y,City/Highway,,
6,Y,-10.5,,81,19,57,:20,16.5,35,0,N,Highway,, (went into eco mode)
7,Y,-17,,79,20,51,:23,18.9,9,0,N,Highway,, (went into eco+ mode)
8,Y,0.5,,67,14,60,:14,17.2,167,0,Y,Highway,,
9,Y,0.5,,84,3,40,:10,17.8,163,0,Y,City/Highway,Y,
10,Y,6.5,,88,1,14,:07,12.5,168,0,Y,City ,Y,
11,Y,3.5,,77,18,49,:22,18.5,150,0,Y,Highway,Y,
12,Y,-1,15.5,81,17,54,:19,17.9,132,0,Y,Highway,Y,
13,Y,0,18,79,17,56,:18,20.6,107,0,Y,Highway,Y,
14,Y,0,17,78,18,32,:34,17.7,93,0,Y,Highway,Y,  includes wait in drive-through
15,Y,0,19,85,21,39,:33,17.9,66,0,Y,City/Highway,Y,
16,Y,-1,22,94,7,45,:09,15.5,59,0,Y,City ,Y,
17,Y,2,19.5,89,8,38,:13,16.4,52,0,Y,City/Highway,Y,
18,Y,6,19.5,80,17,53,:20,18.5,32,0,Y,Highway,Y,Changed to eco mode on its own at the 50km range mark
19,Y,4.5,22.5,74,17,60,:20,15,99,0,Y,Highway,Y,
20,Y,3.5,20,78,17,53,:19,19.6,69,0,Y,Highway,Y,
21,Y,-11,16,74,17,52,:20,24.8,136,0,Y,Highway,Y,
22,Y,-9,,90,1,11,:08,52.9,129,0,Y,City ,Y, My temp gun malfunction for inside temp
23,Y,-8,,86,1,12,:09,56.8,117,0,Y,City ,Y,
24,Y,1,20,80,17,40,:26,20.3,113,0,Y,Highway,Y,
25,Y,4,20,78,17,56,:18,15.8,169,B,Y,Highway,Y,
26,Y,8.5,18,96,4,25,:10,18.6,167,B,Y,City ,Y,
27,Y,7.5,20.5,96,4,26,:10,12.8,168,B,Y,City ,Y,
28,Y,4,20.5,87,18,45,:25,18,147,B,Y,City/Highway,Y,
29,Y,1,20.5,78,17,58,:18,14.9,185,B,Y,Highway,Y,
30,Y,3,17,92,5,29,:10,17.8,178,B,Y,City ,Y,
31,Y,7.5,20.5,95,4,26,:09,13.3,182,B,Y,City ,Y,
32,Y,6,17.5,97,2,21,:07,18.1,177,B,Y,City ,Y,
33,Y,3,18,95,3,24,:09,19.4,170,B,Y,City ,Y,
34,Y,2.5,11,98,0,10,:03,29.9,166,B,Y,City ,Y,
35,Y,3,20.5,77,20,58,:20,19.2,137,B,Y,City/Highway,Y,
36,Y,-3.5,19,79,14,50,:17,17.7,174,B,Y,Highway,Y,
37,Y,-2.5,19.5,95,3,24,:09,20.1,168,B,Y,City/Highway,Y,
38,Y,0,22.5,90,17,53,:19,17.7,155,D2,Y,Highway,Y,
39,Y,-3,21.5,81,19,52,:22,17.6,161,D2,Y,City/Highway,Y,
40,Y,2,20,95,7,28,:16,17.5,159,D2,Y,City ,Y,
41,Y,2,19.5,92,6,,:11,,155,D2,Y,City/Highway,Y,The vehicle data screen was not on the since start to some data on this line was omitted
42,Y,0,20.5,84,17,49,:21,17.7,135,D3,Y,Highway,Y,
43,Y,-1,20.5,84,19,54,:21,16.3,119,D3,Y,City/Highway,Y,
44,Y,-4,21,87,19,46,:25,21.1,82,D2,Y,City/Highway,Y,
45,Y,-4.5,15,76,16,62,:16,19.7,96,D3,Y,Highway,Y,
46,Y,-4.5,15,84,16,56,:17,23,70,D3,Y,Highway,Y,
47,Y,-7,10.5,73,15,60,:15,23.3,146,D1,Y,Highway,Y,
48,Y,-5,8.5,81,0,10,:02,57.3,147,0,Y,City ,Y,
49,Y,-3.5,16.5,97,8,44,:11,21.5,136,D3,Y,City ,Y,
50,Y,-9.5,19.5,86,18,45,:24,28,99,D3,Y,City/Highway,Y,
51,Y,-7,16,83,17,56,:18,19.8,139,D3,Y,Highway,Y,
52,Y,-2,7.5,87,3,32,:05,31.8,131,0,Y,City/Highway,Y,
53,Y,-2,16,87,3,29,:06,24.3,129,0,Y,City/Highway,Y,
54,Y,-5.5,20.5,88,23,40,:35,24,100,D3,Y,City/Highway,Y,includes sitting in drive through
55,Y,-12.5,14.5,83,17,50,:21,27,111,D3,Y,Highway,Y,
56,Y,-1.5,12,80,3,27,:06,32.9,114,D3,Y,City/Highway,Y,
57,Y,-3.5,20.5,83,14,56,:15,22.8,102,D3,Y,Highway,Y,using temp gun with temperature taken off the shifter boot 
58,Y,-7,20.5,83,17,53,:20,21.9,134,D3,Y,Highway,Y,Temperature is different side to side and goes eco when passenger gets out
59,Y,1,18.5,95,0,4,:07,67.9,143,0,Y,City ,Y,AST shop demo
60,Y,-3.5,16.5,89,0,4,:7,94.9,130,0,Y,City ,Y,
61,Y,-6.5,22.5,84,4,24,:11,20.8,128,0,Y,City ,Y,
62,Y,-8,17.1,85,4,21,:12,34.1,116,D3,Y,City ,Y,
63,Y,-9,20.5,85,21,37,:35,24.8,101,0,Y,City/Highway,Y,Numbers don’t seem correct may have tried to reset wrong trip
64,Y,-17,10.5,82,17,51,:20,28.8,110,D3,Y,Highway,Y,Doesn't feel cold Tire pressure monitor gave warning/ tires appear to be ok
65,Y,-11,19.5,88,4,23,:10,40.6,106,D3,Y,City ,Y,
66,Y,-11.5,17,83,0,4,:03,,100,0,Y,City ,Y,
67,Y,-11,18,89,0,8,:02,90.4,99,0,Y,City ,Y,
68,Y,-13.5,22,81,7,30,:14,31.9,89,0,Y,City ,Y,
69,Y,-14,,82,12,52,:14,32.2,69,D3,Y,Highway,Y,
70,Y,-17.5,15.5,75,17,57,:18,27.9,81,D3,Y,Highway,Y,
71,Y,-2.5,17,92,4,29,:09,27.6,86,D3,Y,City ,Y,
72,Y,-6,22.5,74,19,60,:20,22.2,70,D3,Y,City/Highway,Y,
73,Y,3,21.5,78,17,56,:18,17.5,146,D3,Y,Highway,Y,
74,Y,1,23,90,17,56,:18,19.7,133,D3,Y,Highway,Y,
75,Y,-3,22,82,17,56,:18,19.1,150,D3,Y,Highway,Y,
76,Y,2,24,83,17,55,:18,21.5,131,D3,Y,Highway,Y,
77,Y,1.5,23.5,78,17,58,:18,15.5,166,D3,Y,Highway,Y,
78,Y,1.5,24,93,16,28,:34,19.5,150,D3,Y,City/Highway,Y,includes waiting to pick up someone
79,Y,2,22,88,0,5,:04,45.6,149,D3,Y,City ,Y,
80,Y,2.5,20,93,0,5,:03,,148,D3,Y,City ,Y,
81,Y,3.5,26,92,11,25,:28,17.6,142,D3,Y,City ,Y,
82,Y,1.5,18.5,91,4,23,:11,24.2,132,D3,Y,City ,Y,
83,Y,0,23.5,82,14,56,:15,19.4,113,D3,Y,Highway,Y,
84,Y,2.5,22.5,79,17,50,:15,17.4,165,D3,Y,Highway,Y,"resistance/braking changes based on battery space, engine brake feel changes during trip"
85,Y,4,11.5,87,2,24,:07,25.5,160,D3,Y,City/Highway,Y,
86,Y,3,17.5,93,1,14,:06,21.5,158,D3,Y,City ,Y,
87,Y,3,24,94,3,20,:12,20.2,155,D3,Y,City ,Y,
88,Y,1.5,23.5,81,19,50,:23,18.8,135,D3,Y,City/Highway,Y,
89,Y,4,22.5,83,18,42,:26,16.4,175,D3,Y,Highway,Y,includes sitting in drive through
90,Y,7.5,18.5,86,11,41,:16,17.7,165,D3,Y,City/Highway,Y,
91,Y,6.5,24.5,75,30,57,:31,16.3,141,D3,Y,Highway,Y,
92,Y,10,23,83,8,41,:12,15,134,D3,Y,City/Highway,Y,
93,Y,5,22.5,77,20,61,:20,17.5,107,D3,Y,Highway,Y,
94,Y,5.5,17,96,12,58,:12,15.5,191,D3,Y,Highway,Y,
95,Y,5,23,94,12,57,:12,16.9,177,D3,Y,Highway,Y,
96,Y,6,20,81,17,56,:18,16,187,D3,Y,Highway,Y,
97,Y,7,24.5,83,17,48,:21,17.8,165,D3,Y,Highway,Y,
98,Y,5,20.5,76,17,51,:20,16.3,186,D3,Y,Highway,Y,
99,Y,4.5,25,84,17,55,:18,19.8,154,D3,Y,Highway,Y,
100,Y,0,19,80,17,58,:18,15.5,182,D3,Y,Highway,Y,
101,Y,8.5,17.5,92,3,33,:07,17.6,181,D3,Y,City/Highway,Y,
102,Y,5,19,87,2,15,:09,20.1,176,D3,Y,City ,Y,
103,Y,5,21.5,83,9,21,:28,13.4,178,D3,Y,City ,Y,
104,Y,4.5,21,93,6,29,:132,20.3,164,0,Y,City ,Y,
105,Y,4,20.5,85,1,21,:05,17.9,160,D3,Y,City ,Y,
106,Y,2.5,22.5,84,21,35,:36,20.1,123,D3,Y,City/Highway,Y,
107,Y,1,14.5,77,13,63,:13,17.7,109,D3,Y,Highway,Y,
108,Y,2.5,14,73,3,30,:07,20.2,96,D3,Y,City/Highway,Y,
109,Y,5.5,17,90,3,23,:08,21.3,94,D3,Y,City ,Y,
110,Y,6,23,79,17,51,:20,18.5,72,D3,Y,Highway,Y,
111,Y,3,22,82,16,54,:18,14.3,174,D3,Y,City/Highway,Y,
112,Y,4,23,97,9,23,:24,18.9,165,D3,Y,City ,Y,
113,Y,4.5,19,89,4,34,:07,17.5,159,D3,Y,City ,Y,
114,Y,3.5,21,79,10,53,:11,18.8,144,D3,Y,Highway,Y,
115,Y,3.5,21.5,94,2,32,:4,11.5,146,D3,Y,City ,Y,
116,Y,3.5,22.5,88,11,44,:15,17.2,135,D3,Y,City/Highway,Y,
117,Y,3,21.5,79,9,56,:10,17.8,122,D3,Y,Highway,Y,
118,Y,0,19,76,13,41,:20,18.8,115,D1,Y,City/Highway,Y,Numbers don’t seem correct may have tried to reset wrong trip
119,Y,-1.5,23.5,71,17,65,:16,22.6,99,D1,Y,Highway,Y,
120,Y,-4.5,21.5,72,18,62,:17,21.6,128,D1,Y,Highway,Y,
121,Y,-6,21.5,77,17,61,:17,23.7,100,D1,Y,Highway,Y,
122,Y,-4,18,74,12,54,:14,21.5,146,D1,Y,Highway,Y,
123,Y,-4,19,79,12,58,:13,22.1,130,D1,Y,Highway,Y,
124,Y,-7.5,22.5,71,58,70,:49,21.4,96,D1,Y,Highway,Y,
125,Y,-6.5,23.5,73,58,69,:50,19.7,42,D1,Y,Highway,Y,went to eco mode at 50km range
126,Y,-5,19,80,16,55,:18,21.8,148,D1,Y,Highway,Y,
127,Y,-7.5,25,86,28,47,:36,22.4,112,D1,Y,City/Highway,Y,
128,Y,-10,16.5,78,18,62,:17,23.1,131,D1,Y,Highway,Y,
129,Y,-10,16,87,3,35,:05,25.3,127,D1,Y,City/Highway,Y,
130,Y,-10,16.5,67,14,68,:12,26.5,103,D1,Y,Highway,Y,
131,Y,-3.5,14,71,15,53,:17,23.1,140,D1,Y,Highway,Y,
132,Y,-6.5,24.5,96,5,29,:11,25.3,130,D1,Y,City ,Y,
133,Y,-7.5,16.5,82,2,15,:08,37.2,122,0,Y,City ,Y,
134,Y,-7.5,12,94,0,6,:04,98.4,119,0,Y,City ,Y,
135,Y,-11.5,24,93,32,34,:56,23.8,84,D1,Y,City/Highway,Y,
136,Y,-2,17,76,18,59,:18,19.8,145,D1,Y,Highway,Y,
137,Y,-1,16,94,2,22,:05,21.4,144,D1,Y,City ,Y,
138,Y,3.5,18,90,2,9,:16,27.3,143,D1,Y,City ,Y,
139,Y,1.5,24,92,44,39,1:08,16.5,124,D1,Y,City/Highway,Y,
140,Y,5,14.5,78,14,62,:14,16.7,179,D1,Y,Highway,Y,
141,Y,5,13.5,84,1,24,:03,19.5,179,0,Y,City ,Y,
142,Y,7,22.5,83,7,16,:26,13.8,183,0,Y,City ,Y,
143,Y,7.5,22,94,5,28,:11,17.7,178,0,Y,City ,Y,
144,Y,7,22.5,82,14,56,:14,18.2,158,D1,Y,Highway,Y,
145,Y,-5,19.5,82,17,58,:18,19,170,D1,Y,Highway,Y,windshield was heavy frost and defrosted quickly
146,Y,-7.5,21,86,27,38,:43,23.4,120,D1,Y,City/Highway,Y,includes waiting in drive though
147,Y,-11,19.5,78,17,55,:19,23.6,136,D2,Y,Highway,Y,when departure is not used it feels like it uses battery fast to get to temperature
148,Y,-8.5,20,82,17,56,:18,20.9,125,D2,Y,Highway,Y,
149,Y,-4,16,81,17,59,:17,17.4,158,D2,Y,Highway,Y,
150,Y,6,16.5,89,3,33,:07,20.6,159,0,Y,City/Highway,Y,
151,Y,5,15,77,5,41,:07,17.9,155,D2,Y,Highway,Y,
152,Y,2.5,18.5,76,14,62,:13,19.8,138,D2,Y,Highway,Y,
153,Y,-7.5,18,75,17,58,:17,19.6,153,D2,Y,Highway,Y,
154,Y,-3,15,70,12,55,:13,23.6,133,0,Y,Highway,Y,
155,Y,-1.5,19.5,87,13,42,:20,16.5,131,D2,Y,Highway,Y,
156,Y,-3,21,84,24,42,:34,17.2,114,D2,Y,Highway,Y,
157,Y,-2,17,68,14,57,:15,17.8,175,D2,Y,Highway,Y,
158,Y,3,19,88,5,29,:12,19.9,168,D2,Y,City ,Y,
159,Y,3,16.5,72,0,7,:02,35.2,168,0,Y,City ,Y,
160,Y,2.5,21,76,19,51,:22,18.6,145,D2,Y,Highway,Y,
161,Y,-9.5,16.5,82,17,51,:21,20.2,156,D2,Y,Highway,Y,
162,Y,0,21,79,17,58,:18,17.4,152,D2,Y,Highway,Y,
163,Y,-9,14.5,77,17,58,:18,20.8,151,D2,Y,Highway,Y,
164,Y,-1,17,92,8,28,:18,20.2,149,D2,Y,City ,Y,
165,Y,-1.5,19.5,91,10,38,:17,17,140,D2,Y,Highway,Y,
166,Y,-2.5,17.5,94,4,25,:09,23.1,133,D2,Y,City ,Y,
167,Y,-3.5,20,93,6,26,:15,16.6,130,D2,Y,City ,Y,
168,Y,-5.5,21,78,14,56,:16,18.1,115,D2,Y,Highway,Y,
169,Y,-9.5,17,80,17,57,:18,20,146,D2,Y,Highway,Y,
170,Y,-8,15,83,17,57,:18,22.4,125,D2,Y,Highway,Y,
171,Y,-12.5,19.5,76,17,59,:17,25,125,D2,Y,Highway,Y,
172,Y,-13,6,83,5,42,:07,34.6,109,D2,Y,City/Highway,Y,
173,Y,-12.5,5,83,2,28,:04,38.1,103,D2,Y,City/Highway,Y,
174,Y,-12.5,19,88,3,27,:08,32.5,97,0,Y,City/Highway,Y,
175,Y,-11,8,86,4,28,:09,38.6,87,D2,Y,City/Highway,Y,
176,Y,-12,18,76,14,60,:14,24.7,76,D2,Y,Highway,Y,
177,Y,-15.5,16,75,17,56,:18,29.2,93,D2,Y,Highway,Y,
178,Y,-11,11.5,94,3,24,:09,39,92,D2,Y,City ,Y,
179,Y,-16,19,87,17,51,:20,25.4,75,D2,Y,City/Highway,Y,
180,Y,-14.5,18,82,46,57,:48,21.2,35,D2,Y,City/Highway,Y,
181,Y,-8,16,83,17,47,:22,21.4,142,D2,Y,Highway,Y,
182,Y,1,18,79,18,43,:25,21.7,128,0,Y,Highway,Y,
183,Y,-5.5,14.5,79,17,59,:17,17.8,153,D2,Y,Highway,Y,
184,Y,-12,7.5,74,3,23,:08,42.4,129,0,Y,City ,Y,
185,Y,-13.5,16.5,78,20,58,:21,24.6,102,0,Y,Highway,Y,
186,Y,-22,9,80,17,54,:19,29.6,103,D3,Y,Highway,Y,
187,Y,-1.5,12,82,17,59,:17,22.7,107,D2,Y,Highway,Y,
188,Y,-4.5,12.5,80,17,56,:18,19,99,D2,Y,Highway,Y,
189,Y,2.5,11.5,91,4,19,:14,22.3,95,D2,Y,Highway,Y,
190,Y,-0.5,19,78,19,52,:22,18.8,75,D2,Y,Highway,Y,
191,Y,3.5,17,66,6,54,:06,26.2,157,D2,Y,Highway,Y,
192,Y,0.5,14,95,6,39,:09,20.5,152,0,Y,City/Highway,Y,
193,Y,-3.5,16,84,17,51,:20,17.5,154,D3,Y,Highway,Y,
194,Y,-5,7,95,4,25,:09,30.4,140,D1,Y,City/Highway,Y,
195,Y,-4.5,12,96,3,25,:08,24.3,133,D1,Y,City ,Y,
196,Y,-1,17,96,1,8,:12,39.8,134,D3,Y,City ,Y,
197,Y,-3.5,14,93,10,36,:17,19.8,123,D2,Y,City ,Y,
198,Y,-8,17.5,74,20,60,:21,22.7,96,D2,Y,Highway,Y,
199,Y,-14.5,15.5,77,17,57,:18,23.9,101,D2,Y,Highway,Y,
200,Y,-12.5,13,80,17,56,:18,25.4,84,D2,Y,Highway,Y,
201,Y,-9,19,76,17,60,:17,19.2,117,D1,Y,Highway,Y,
202,Y,-1,15,80,17,62,:17,19.9,106,D1,Y,Highway,Y,
203,Y,-3.5,11.5,78,14,62,:14,16.6,162,D1,Y,Highway,Y,
204,Y,-3,16,92,3,25,:08,19.1,158,D1,Y,City/Highway,Y,
205,Y,3.5,10,91,3,35,:05,23,155,D1,Y,City/Highway,Y,
206,Y,4.5,18,79,3,25,:07,16.7,156,0,Y,City/Highway,Y,
207,Y,7.5,17,86,3,30,:06,20.7,152,D1,Y,City/Highway,Y,
208,Y,7,21,90,3,18,:12,16.6,152,D1,Y,City/Highway,Y,
209,Y,5,21.5,78,19,55,:21,16.7,137,D1,Y,Highway,Y,
210,Y,-5,21,81,23,53,:26,18.2,164,D1,Y,Highway,Y,
211,Y,-10,17,93,3,23,:09,40.3,134,D1,Y,City/Highway,Y,
212,Y,-11.5,21,85,21,38,:34,23.9,109,D1,Y,City/Highway,Y,
213,Y,-22.5,1,73,15,56,:16,32.2,103,D1,Y,Highway,Y,Feels warmer than the indicated in the car
214,Y,-22,15,95,8,27,:19,43.7,84,D1,Y,City ,Y,
215,Y,-23.5,1,82,16,46,:21,38,58,D1,Y,Highway,Y,Feels warmer than the indicated in the car
216,Y,-24.5,5,81,17,54,:19,29.4,93,D1,Y,Highway,Y,Feels warmer than the indicated in the car
217,Y,-23,3,98,4,24,:11,42.8,84,D1,Y,City ,Y,Feels warmer than the indicated in the car
218,Y,-20,14,97,4,24,:12,43,86,D1,Y,City ,Y,Level 1 charger doesn't always fully charge overnight
219,Y,-23.5,16.5,82,17,53,:19,32.3,59,D1,Y,Highway,Y,With it this cold the range of the car is diminished and a level 2 charger is almost neccesary
220,Y,-24,3,79,18,51,:21,30.9,73,D1,Y,Highway,Y,
221,Y,-21.5,4,91,4,28,:09,45.7,72,D1,Y,City/Highway,Y,
222,Y,-21.5,7.5,96,1,17,:05,54.9,62,D1,Y,City ,Y,
223,Y,-30.5,7.5,82,20,58,:21,29,48,D1,Y,Highway,Y,Went to eco mode at 52km range. The car felt cool by the  end of the trip.
224,Y,-35,3,77,17,58,:18,32.5,57,D1,Y,Highway,Y,
225,Y,-22.5,18,79,17,49,:21,33.2,70,D1,Y,Highway,Y,
226,Y,-23,11,94,17,49,:21,28.8,87,D1,Y,Highway,Y,
227,Y,-19,12.5,86,17,49,:21,33.4,74,D1,Y,Highway,Y,
228,Y,-23.5,2,72,14,64,"""13",29.3,92,D1,Y,Highway,Y,
229,Y,-23.5,-2,88,0,16,:03,60.3,90,0,Y,City ,Y,
230,Y,-24,16,80,14,55,:15,33.9,74,D1,Y,Highway,Y,
231,Y,-29.5,0,73,14,61,:13,31.2,90,D1,Y,Highway,Y,
232,Y,-27.5,5,84,3,27,:08,54.3,83,D1,Y,City/Highway,Y,
233,Y,-26,4,97,3,25,:08,39.9,77,D1,Y,City ,Y,
234,Y,-24,3,94,3,21,:08,48.8,70,D1,Y,City ,Y,
235,Y,-22.5,18.5,73,19,60,:19,33.3,53,D1,Y,Highway,Y,
236,Y,-28,2,82,9,59,:09,24.8,43,D1,Y,Highway,Y,
237,Y,-26.5,5,81,17,50,:21,32,58,D1,Y,Highway,Y,
238,Y,-19.5,7.5,91,9,45,:12,31.7,75,D1,Y,City/Highway,Y,
239,Y,-18.5,19,86,9,38,:15,34.9,59,D1,Y,City/Highway,Y,
240,Y,-20,8,80,17,53,:19,32.7,59,D1,Y,Highway,Y,
241,Y,-19,14,81,17,54,:19,29.7,64,D1,Y,Highway,Y,
242,Y,-17.5,11,92,4,29,:10,39.2,80,D1,Y,City/Highway,Y,
243,Y,-18,14.5,81,4,37,:08,33.4,67,D1,Y,City/Highway,Y,With temperatures this cold the level 1 charger is not keeping up unless plugged in at work
244,Y,-18,26,95,11,26,:26,37.7,57,D1,Y,City ,Y,
245,Y,-24.5,11,70,18,63,:17,31.5,33,D1,Y,Highway,Y,Went to eco mode at 52km range. I swithched it back to nomal mode
246,Y,-28.5,2,83,17,55,:19,30.3,47,D1,Y,Highway,Y,Felt cool in the car this morning could be that the drive was -33.5 for most of the drive
247,Y,-27,-1,93,3,27,:08,47.6,42,D1,Y,City ,Y,
248,Y,-26.5,-5.5,88,2,27,:05,42.6,40,D1,Y,City ,Y,I have been switching eco mode off when it switches back to nomal all the time now
249,Y,-17.5,5.5,86,3,31,:06,42.6,42,D1,Y,City ,Y,Drastic change in the car displayed data during this trip???
250,Y,-17,16.5,95,3,23,:08,42,51,D1,Y,City ,Y,
251,Y,-17,21,82,5,37,:08,34.2,46,D1,Y,City/Highway,Y,
252,Y,-17,16,97,4,18,:16,46.2,42,D1,Y,City ,Y,
253,Y,-20,20,80,15,43,:21,29.9,28,D1,Y,Highway,Y,
254,Y,-22.5,13,87,17,59,:17,28,51,D1,Y,Highway,Y,
255,Y,-15,7,90,17,46,:22,27.1,74,D1,Y,Highway,Y,
256,Y,-20,5,76,15,55,:16,30.9,92,D1,Y,Highway,Y,
257,Y,-17.5,20.5,82,15,47,:19,34,73,D1,Y,Highway,Y,
258,Y,-16.5,9,85,17,56,:18,28.5,97,D1,Y,Highway,Y,
259,Y,-12,16.5,81,17,54,:19,24.7,113,D1,Y,Highway,Y,
260,Y,-31.5,7,86,17,43,:24,35.4,85,D1,Y,Highway,Y,Most of the trip the outside gauge -35
261,Y,-30.5,-6,90,3,21,:10,47.6,80,D1,Y,Highway,Y,
262,Y,-29,4.5,82,3,22,:09,55.3,71,D1,Y,City ,Y,
263,Y,-23.5,19,83,20,34,:35,35.9,67,D1,Y,City/Highway,Y,
264,Y,-23,5,78,17,50,:21,31.7,85,D1,Y,Highway,Y,
265,Y,-21.5,15.5,84,17,41,:25,34,88,D1,Y,Highway,Y,
266,Y,-23.5,5,86,17,48,:22,30.1,92,D1,Y,Highway,Y,
267,Y,-9.5,5,96,0,11,:03,45.1,122,D1,Y,City ,Y,From now on will be using the IT inside temp sensor and continue with Vehicle outside sensor
268,Y,-13.5,19,84,17,38,:27,24.8,104,D1,Y,Highway,Y,"Outside temp- underhood by 12v battery, Inside temp and humidity grab handle above dr door"
269,Y,-14.5,11.5,82,17,58,:18,25,108,D1,Y,Highway,Y,
270,Y,-8,17.5,78,17,55,:19,21.7,104,D1,Y,Highway,Y,
271,Y,-14.5,12,84,17,46,:22,27.3,107,D1,Y,Highway,Y,
272,Y,-22.5,16.5,78,21,34,:38,38.3,60,0,Y,City/Highway,Y,includes waiting in drive though
273,Y,-26.55,2.5,80,17,56,:18,30.2,90,D1,Y,Highway,Y,
274,Y,-24.5,7,76,17,60,:17,33.6,67,D1,Y,Highway,Y,
275,Y,-23,13,78,17,63,:16,27.6,55,D1,Y,Highway,Y,
276,Y,-11,21,88,3,26,:07,25.2,81,D1,Y,Highway,Y,
277,Y,-14,14,79,14,53,:16,25.1,76,D1,Y,Highway,Y,
278,Y,-21,6.5,80,17,48,:22,31.5,52,D1,Y,Highway,Y,
279,Y,-16,19,77,17,60,:17,26.2,41,D1,Y,Highway,Y,Turned Eco mode off
280,Y,-11,24,71,17,52,:20,15.5,127,D1,Y,Highway,Y,
281,Y,-14.5,16,80,17,58,:18,22.9,109,D1,Y,Highway,Y,
282,Y,-24.5,14.5,78,17,59,:17,27.9,106,D1,Y,Highway,Y,
283,Y,-21,7,95,3,30,:07,34.1,95,D1,Y,City ,Y,
284,Y,-20,9,81,3,23,:09,46.7,84,D1,Y,City ,Y,
285,Y,-14.5,24,70,17,59,:17,22.2,89,D1,Y,Highway,Y,
286,Y,-13.5,18.5,76,14,61,:14,19,96,D1,Y,Highway,Y,
287,Y,-14,16.5,86,4,30,:08,23.3,92,D1,Y,City/Highway,Y,
288,Y,-13.5,16,84,5,29,:10,27.7,83,D1,Y,City/Highway,Y,
289,Y,-13,8,91,1,18,:05,45.7,76,D1,Y,City ,Y,
290,Y,-16,15,74,18,63,:17,24.8,52,D1,Y,Highway,Y,
291,Y,-16.5,12,83,17,55,:18,25.7,111,D1,Y,Highway,Y,
292,Y,-16,2,77,2,39,:04,34.7,108,D1,Y,Highway,Y,
293,Y,-6.5,5,79,0,6,:04,94.8,105,0,Y,City ,Y,Dropped car off for decals
294,Y,-9.5,14,69,14,59,:14,25,100,D1,Y,Highway,Y,Picked car up from decal install (unknown Drive cycle inbetween last and this trip)
295,Y,-4.5,13.5,82,17,47,:22,20.9,131,D1,Y,Highway,Y,
296,Y,-2,11.5,90,6,29,:13,23.5,125,D1,Y,City/Highway,Y,
297,Y,2,21,78,17,57,:18,20.4,114,D1,Y,Highway,Y,
298,Y,1,15,77,17,58,:18,15.7,159,D1,Y,Highway,Y,
299,Y,1,13,92,4,26,:09,19.4,154,D1,Y,City ,Y,
300,Y,1,19.5,74,19,41,:27,17.5,143,D1,Y,City/Highway,Y,
301,Y,3,21,88,17,40,:25,15,137,D1,Y,City/Highway,,
302,Y,2.5,20,89,21,35,:37,15.2,135,D1,Y,City/Highway,Y,Trip was not reset so this is combined data from the last trip
303,Y,2.5,19.5,89,3,27,:07,18.1,133,D1,Y,City/Highway,Y,
304,Y,1,21,79,14,56,:15,17.8,113,D1,Y,Highway,Y,
305,Y,-2,18,79,19,56,:21,15.6,177,D1,Y,City/Highway,Y,
306,Y,-2,14,89,1,14,:05,25.4,175,D1,Y,City ,Y,
307,Y,-2.5,14,90,3,28,:07,18.8,169,D1,Y,City ,Y,
308,Y,-3,14,97,1,15,:04,22.9,167,D1,Y,City ,Y,
309,Y,-3.5,18.5,90,3,14,:15,24.6,159,D1,Y,City ,Y,
310,Y,-2,11,99,0,11,:02,37.9,157,D1,Y,City ,Y,
311,Y,2,26,87,4,29,:09,12.5,165,D1,Y,City ,Y,
312,Y,2,15.5,85,3,24,:09,19.2,168,D1,N,City ,Y,
313,Y,3,20.5,93,3,20,:09,11,168,D1,N,City ,Y,windows down
314,Y,2.5,16,86,2,23,:07,24.9,158,D1,N,City ,Y,windows down
315,Y,0,17.5,77,19,54,:22,17.8,149,D1,Y,Highway,Y,
316,Y,-9.5,16,77,17,61,:17,18.3,156,D1,N,Highway,Y,
317,Y,-1.5,29,95,2,24,:05,18.3,180,D1,N,City ,Y,
318,Y,0,8,84,5,33,:09,23.1,152,D1,Y,City ,Y,
319,Y,4,26,82,19,50,:23,17.6,138,D1,Y,City ,Y,
320,Y,-1.5,19,81,23,52,:26,16.3,171,D1,Y,Highway,Y,
321,Y,0.5,15,87,4,26,:10,21.9,160,D1,Y,City ,Y,
322,Y,2.5,17.5,90,4,26,:10,17,160,D1,Y,City ,Y,
323,Y,9,19,87,16,31,:31,13.4,164,D1,N,City ,Y,
324,Y,8,21.5,86,4,34,:07,12.8,163,D1,N,City ,Y,
325,Y,9.5,23,92,4,30,:09,10.9,165,D1,N,City ,Y,
326,Y,9.5,26.5,86,2,13,:13,12.1,165,D1,N,City ,Y,
327,Y,7.5,26,83,25,39,:38,16.2,127,D1,N,City/Highway,Y,
328,Y,-0.5,18,76,14,61,:14,15.3,191,D1,Y,Highway,Y,car wash
329,Y,-1,18.5,78,5,40,:07,20.3,180,D1,Y,City/Highway,Y,
330,Y,-1,17,91,3,35,:06,14.5,178,D1,Y,City/Highway,Y,
331,Y,9.5,23.5,79,17,57,:18,16.3,170,D1,N,Highway,Y,
332,Y,-1.5,16,80,17,47,:22,15.8,186,D1,Y,Highway,Y,
333,Y,2.5,19,90,3,25,:09,11.9,191,D1,Y,City ,Y,
334,Y,5.5,24.5,93,3,22,:10,18.8,193,D2,N,City ,Y,
335,Y,14.5,,94,1,14,:07,15.6,192,D2,N,City ,Y,Hot inside no temp data
336,Y,16,29.5,80,17,53,:20,15.7,167,0,Y,Highway,Y,
337,Y,-1.5,13,75,14,63,:13,14.1,209,D2,N,Highway,Y,wash 
338,Y,-2,15.5,92,4,16,:18,19.2,184,D2,Y,City/Highway,Y,Demo ride some of trip had 2 passengers
339,Y,8.5,37,94,2,29,:05,15.1,197,D2,N,City ,Y,
340,Y,9,34.5,92,4,21,:11,9,203,D2,N,City ,Y,
341,Y,9.5,31.5,91,4,29,:08,15.7,196,D2,N,City ,Y,
342,Y,15.5,,93,1,11,:07,16.8,195,0,N,City ,Y,Hot inside no temp data
343,,18,23,85,11,21,:44,13,187,,N,City ,,
344,,1,12,63,23,22,:39,21.1,140,D3,Y,City/Highway,,
345,,18,27,91,4.3,18,:15,13.8,139,B,N,City ,N,
346,,,,68,7.5,,,,,B,N,,,
347,,7.5,,65,7.3,38,:23,19.9,103,,,City/Highway,N,
348,,1.5,22,98,4,23,:12,25.3,161,B,Y,City ,N,
349,Y,11,28,85,18,42,:27,15.9,164,D2,Y,City/Highway,Y,
350,Y,2,22,76,17,56,:18,14.8,182,D2,Y,Highway,Y,
351,Y,10.5,22,93,4,23,:12,11.2,188,D2,Y,City ,Y,
352,Y,10.5,22,95,4,32,:07,17,183,D2,Y,City ,Y,
353,Y,14,27,79,17,52,:20,17.5,158,D2,Y,Highway,Y,
354,Y,1.5,20.5,72,14,63,:13,16.5,139,D3,Y,Highway,Y,car wash
355,Y,1.5,18.5,84,3,30,:06,18.9,135,D3,Y,Highway,Y,
356,Y,6,22.5,82,17,52,:20,17.7,114,D3,Y,Highway,Y,
357,Y,-5,15,80,17,57,:18,17.5,168,D3,Y,Highway,Y,
358,Y,7,25,86,20,22,:04,12.8,180,D3,N,City/Highway,Y,demo ride and wash
359,Y,4.5,25,84,3,30,:07,14.4,177,D3,N,Highway,Y,
360,Y,8,16.5,86,3,11,:17,15.2,176,0,N,City ,Y,Media and demo
361,Y,9,24.5,82,3,37,:06,15.8,170,D3,N,Highway,Y,
362,Y,7.5,24.5,79,14,61,:14,16.8,147,D3,N,Highway,Y,
363,Y,-1.5,3,78,17,59,:17,13.9,137,D3,N,Highway,Y,
364,Y,5.5,24.5,87,12,34,:22,12.2,149,D3,N,City/Highway,Y,
365,Y,12.5,27.5,91,12,24,:30,14.5,135,D3,N,City/Highway,Y,
366,Y,11.5,29,96,3,14,:16,14,142,D1,N,City ,Y,
367,Y,13.5,24,92,0,6,:04,18,141,D1,N,City ,Y,
368,Y,12.5,18.5,94,0,9,:04,15.7,140,D1,N,City ,Y,
369,Y,11.5,20,81,0,9,:04,21.4,138,D1,N,City ,Y,
370,N,10.5,24.5,87,4,29,:06,13.9,132,D1,N,City ,Y,
371,N,11,24.5,74,8,41,:13,11.9,122,D1,Y,Highway,Y,
372,N,10.5,24,89,6,29,:14,14.8,112,D1,Y,City ,Y,
373,Y,8,22,84,18,42,:26,14.5,90,D1,Y,City ,Y,
374,N,13.5,22,78,2,15,:09,15.7,194,D1,Y,City ,Y,
375,Y,14.5,28.5,95,1,21,:05,12.6,202,D1,Y,City ,Y,
376,N,15,26.5,91,1,24,:17,13.1,199,D1,Y,City ,Y,
377,Y,15.5,28,78,2,22,:09,13.7,196,D1,Y,City ,Y,
378,N,9.5,27.5,77,2,20,:07,14.6,188,0,Y,City ,Y,
379,Y,9.5,26,77,2,20,:06,15.7,185,0,N,City ,Y,
380,N,10,28,88,5,25,:12,15.2,180,D1,N,Highway,Y,
381,Y,9.5,27,82,3,33,:05,14.6,176,D1,N,Highway,Y,
382,Y,0.5,10.5,83,4,32,:08,19.8,156,D1,Y,Highway,Y,
383,N,9.5,21.5,87,4,19,:13,18,156,D1,Y,City ,Y,
384,Y,9,22,84,3,21,:09,14.1,153,D1,Y,City ,Y,
385,N,0.5,19,86,4,26,:10,26,126,D1,Y,Highway,Y,
386,Y,9.5,30.1,77,4,24,:11,13.3,136,0,N,City ,Y,
387,Y,11.5,28.4,90,5,29,:11,15.7,131,0,N,City ,Y,I did practice shift to driving mode (regen)
388,Y,3,13.5,79,17,53,:19,16.8,112,D3,N,Highway,Y,
389,Y,3.5,9.5,76,17,58,:18,14.6,201,D3,N,Highway,Y,
390,Y,11.5,28.5,81,3,31,:05,14.7,197,D3,N,Highway,Y,
391,Y,9,28,89,3,26,:07,14,196,D3,N,Highway,Y,wash 
392,Y,14,19.5,86,3,10,:23,16.7,194,0,N,City ,Y,media  
393,Y,15,30.5,79,2,26,:06,15.2,190,D3,N,Highway,Y,decals canceled
394,Y,15,29.5,93,0,17,:03,12.2,189,B,N,City ,Y,
395,Y,14.5,28,80,27,48,:34,15.7,153,B,N,City/Highway,Y,
396,Y,3,15,78,17,56,:18,13,209,B,N,Highway,Y,
397,Y,16,27.5,83,18,43,:26,15.7,183,B,N,City/Highway,Y,
398,Y,15,27,97,1,18,:03,11.8,220,B,N,City ,Y,
399,Y,12.5,22,91,9,26,:21,15,211,B,N,City ,Y,Demo drive
400,Y,-0.5,9.5,94,17,49,:21,15.6,199,0,N,Highway,Y,
401,Y,0.5,5,76,0,11,:02,25.9,197,0,N,City ,Y,seawa
402,Y,13.5,27.5,93,0,9,:05,14.5,196,0,N,City ,Y,
403,Y,14,29.5,87,6,29,:14,14.6,190,B,N,City/Highway,Y,
404,Y,13.5,30,76,12,64,:11,15.3,177,B,N,Highway,Y,
405,Y,13,19.5,71,15,63,:14,12.8,214,B,Y,Highway,Y,
406,Y,15.5,23.5,85,8,14,:36,15.5,204,B,N,City/Highway,Y,
407,Y,14.5,25.5,89,1,10,:06,15.8,203,B,N,City ,Y,
408,Y,16.5,27,78,19,54,:22,17,164,B,N,Highway,Y,
409,Y,0,12,76,17,57,:18,14.1,201,B,N,Highway,Y,
410,Y,15,29.5,92,8,23,:22,12.4,202,B,N,City/Highway,Y,
411,Y,15.5,28,85,17,55,:18,15.4,177,B,N,Highway,Y,
412,Y,1.5,13.5,77,17,59,:17,13.8,210,B,N,Highway,Y,
413,Y,5,13.5,88,3,33,:05,15.1,207,B,N,Highway,Y,
414,Y,11,15,74,0,8,:04,21,206,B,N,City ,Y,
415,Y,10.5,17.5,71,5,49,:07,17,194,B,N,City/Highway,Y,
416,Y,12.5,16.5,82,4,35,:08,11.7,194,B,N,City ,Y,
417,Y,13.5,22,79,17,58,:18,14.6,177,B,N,Highway,Y,
418,Y,1.5,11,82,17,49,:21,13.7,214,D1,N,Highway,Y,
419,Y,12.5,29.5,95,4,21,:11,12.9,213,D1,N,City ,Y,
420,Y,13.5,29.5,82,5,23,:14,8.9,214,0,N,City ,Y,
421,Y,14,25.5,80,3,22,:08,22.2,206,0,Y,City ,Y,
422,Y,13,32.5,93,7,32,:13,11.5,205,D1,N,City/Highway,Y,
423,Y,8,15.5,93,6,30,:12,14.1,197,D1,N,City/Highway,Y,
424,Y,7.5,16,90,6,31,:13,12.5,192,0,N,City/Highway,Y,
425,Y,7,16.5,95,24,32,:46,12.6,173,D1,N,City/Highway,Y,
426,Y,3.5,10,94,6,28,:14,12.8,167,D1,N,City ,Y,
427,Y,11,26.5,93,9,23,:25,13.5,147,D2,Y,City ,Y,
428,Y,11.5,28.5,95,6,30,:13,10.8,147,D1,Y,City ,Y,
429,Y,12.5,26,94,4,27,:09,8.9,152,D1,Y,City ,Y,
430,Y,12,25.5,93,3,25,:08,20.1,136,D3,Y,City ,Y,
431,Y,11,26.5,92,12,41,:18,12.7,124,D2,Y,City/Highway,Y,
432,Y,7.5,18.5,93,15,36,:26,36,121,D1,N,City/Highway,Y,
433,Y,6.5,19.5,84,29,55,:32,14,84,D1,N,City/Highway,Y,
434,Y,9.5,16,94,12,32,:22,11.1,74,D1,N,City ,Y,
435,Y,11.5,28,93,7,21,:22,13.4,67,D1,N,City ,Y,
436,Y,11,29.5,75,2,21,:07,10.5,102,0,N,City/Highway,Y,
437,Y,11,28.5,79,9,40,:13,12.6,94,0,N,City/Highway,Y,
438,Y,14.5,25.5,77,16,53,:18,14.1,210,D3,N,Highway,Y,
439,Y,14.5,24,79,5,30,:11,16.5,198,D2,N,City/Highway,Y,
440,Y,14,24.5,81,8,33,:15,11.1,199,0,N,City ,Y,
441,Y,12.5,19,78,4,25,:12,8.6,204,0,N,City ,Y,
442,Y,11.5,20.5,95,3,27,:08,19.2,189,D2,N,City ,Y,
443,Y,11,23,87,17,30,:34,11.9,178,0,N,City ,Y,
444,Y,7.5,18.5,96,14,33,:25,12.5,167,D2,N,City ,Y,
445,Y,11,10,95,8,25,:21,12.6,232,D1,N,City ,Y,
446,Y,11,33.5,93,7,27,:16,12.9,226,D2,N,City/Highway,Y,
447,Y,12,29.5,94,6,25,:15,10.7,225,D2,N,City ,Y,Window open
448,Y,13,30,95,4,28,:09,7.4,233,D2,N,City ,Y,
449,Y,12.5,27,96,3,22,:10,18.5,218,D2,N,City ,Y,
450,Y,11.5,29,88,6,33,:12,9.5,221,0,N,City ,Y,
451,Y,3,10.5,90,1,12,:08,16.4,215,0,N,City ,Y,
452,Y,13.5,29,92,5,33,:09,14.7,193,D3,Y,City/Highway,Y,
453,Y,13.5,29,94,4,29,:09,5.5,214,D3,N,City ,Y,
454,Y,14,23,94,4,27,:09,15.4,203,D3,N,City ,Y,
455,Y,14.5,34,73,8,49,:09,15.2,185,D3,N,Highway,Y,
456,Y,15,24,90,23,61,:23,14.5,145,D3,N,Highway,Y,
457,Y,1,13,74,14,61,:14,13.7,228,D3,N,Highway,Y,
458,Y,15,10,81,3,27,:07,16.4,220,D3,N,City/Highway,Y,Noticed sticker coming off the back window
459,Y,16,26.5,85,4,36,:07,13.6,216,D3,N,Highway,Y,
460,Y,16,33,81,4,37,:07,13.1,212,D3,N,Highway,Y,
461,Y,16.5,30,84,3,23,:08,16.8,205,D1,N,City/Highway,Y,
462,Y,18.5,39.5,88,0,9,:03,21.7,204,D1,N,City ,Y,
463,Y,18.5,35,87,2,31,:05,11.1,204,D1,N,Highway,Y,Message occurs that says air resistance close window when driving highway speeds
464,Y,21,26,86,3,11,:19,14.3,201,0,N,City ,Y,
465,Y,21,25.5,85,7,22,:21,13,187,0,Y,City ,Y,
466,Y,14.5,23.5,79,8,16,:33,14.2,180,0,Y,City ,Y,
467,Y,13.5,24,83,10,21,:38,13.2,173,0,Y,City ,Y,
468,Y,17,28,81,13,26,:31,12.5,166,0,Y,City/Highway,Y,
469,Y,15,25,85,7,26,:17,12.7,192,0,Y,City ,,
470,Y,11,20.5,84,7,30,:14,14,184,0,Y,City ,Y,
471,Y,20.5,27,74,11,40,:18,17.9,148,0,Y,City/Highway,N,
472,Y,22.5,30,73,24,38,:38,15.2,140,0,Y,City/Highway,Y,did not reset after last trip OOPS
473,Y,21,23.5,83,7,29,:16,12.5,143,0,Y,City ,Y,
474,Y,21,29,81,9,24,:26,13.3,130,0,Y,City ,Y,
475,Y,21.5,28,84,13,30,:27,12.7,110,0,Y,City ,Y,
476,Y,15.5,28.5,81,5,10,:36,11.1,166,0,Y,City ,Y,
477,Y,15.5,33.5,82,3,45,:12,45.5,159,0,Y,City ,Y,
478,Y,16.5,26,79,4,15,:18,17.1,152,0,Y,City ,Y,
479,Y,10.5,25,83,21,22,:57,12.8,127,0,Y,City ,Y,
480,Y,8,17.5,85,7,28,:16,13.3,182,0,Y,City ,Y,
481,Y,5.5,18,84,7,32,:14,15.2,165,0,Y,City ,Y,
482,Y,4.5,13,87,2,10,:16,19.1,160,0,Y,City ,Y,stop for phone call
483,Y,5,19,81,5,11,:26,18.7,154,0,Y,City ,Y,stop for phone call
484,Y,5,17,86,2,14,:11,17.2,149,0,Y,City ,Y,Brakes squeek in reverse
485,Y,5,19,86,6,21,:18,14,142,0,Y,City ,Y,
486,Y,-3.5,14,85,7,27,:17,19.6,143,0,Y,City ,Y,didn't appear to charge last night
487,Y,0.5,13.5,84,10,23,:27,21.5,159,0,Y,City ,Y,
488,Y,4,20,75,15,24,:37,20.2,127,0,Y,City ,Y,
489,Y,8,23,98,3,22,:10,15.4,136,D2,N,Highway,Y,
490,Y,6,18.5,75,20,56,:21,17.1,100,D2,N,Highway,Y,
491,Y,-3.5,14,76,17,58,:18,17.9,173,D2,Y,Highway,Y,
492,Y,4.5,21.5,72,8,56,:8,15.5,174,D2,Y,Highway,Y,
493,Y,5,21.5,70,24,65,:22,17.1,144,D2,Y,Highway,Y,
494,Y,-2.5,14,73,17,58,:18,16.9,179,D2,Y,Highway,Y,
495,Y,10.5,23.5,84,13,35,:23,14.1,180,D2,Y,City/Highway,Y,
496,Y,11,22.5,88,2,21,:06,12.1,181,0,Y,City ,Y,Next Trip - Chat News
497,Y,11.5,25,97,3,27,:07,16,151,0,Y,City ,Y,
498,Y,13,23.5,83,27,37,:44,15.5,117,0,Y,City ,Y,
499,Y,13.5,25.5,95,2,21,:08,11.5,111,0,Y,City ,Y,
500,Y,14.5,31,92,2,18,:08,14.5,108,0,Y,City ,Y,
501,Y,15.5,37.5,85,4,18,:16,13.5,109,0,Y,City ,Y,
502,Y,14.5,29,86,5,20,:15,11.5,120,0,Y,City ,Y,
503,Y,11.5,25,91,6,31,:11,17,110,0,Y,City ,Y,
504,Y,8,21,89,8,29,:18,13.5,97,0,Y,City ,Y,
505,Y,7,29.5,82,9,31,:18,15,95,0,Y,City ,Y,
506,Y,7.5,30.5,85,11,34,:19,11,80,0,Y,City ,Y,
507,Y,5,11.5,95,2,22,:07,19,75,0,Y,City ,Y,
508,Y,9.5,29,88,2,24,:06,14.5,72,0,Y,City ,Y,
509,Y,10.5,28.5,78,4,30,:09,15,65,0,Y,City ,Y,
510,Y,13,32.5,86,5,31,:11,10.5,206,0,Y,City ,Y,first trip after VW charge 6041
511,Y,9,16.5,83,2,20,:08,14.5,205,0,Y,City ,Y,
512,Y,12.5,26,91,37,32,1:11,12,185,0,Y,City ,Y,
513,Y,16,46,89,2,17,:08,14,183,0,Y,City ,Y,
514,Y,11.5,22.5,76,6,37,:10,15,169,0,Y,City ,Y,
515,Y,12,24,68,6,34,:11,12.5,163,0,Y,City ,Y,
516,Y,14,26,79,11,36,:19,13,151,0,Y,City ,Y,
517,Y,6.5,10,86,2,13,:07,13,148,0,Y,City ,Y,
518,Y,17.5,43,91,2,14,:07,14,173,0,Y,City ,Y,
519,Y,14,17,84,2,21,:07,13.5,177,0,Y,City ,Y,
520,Y,18.5,28.5,93,3,9,:26,16.5,169,0,Y,City ,Y,
521,Y,19,31.5,87,18,41,:27,14,143,D1,Y,City/Highway,Y,
522,Y,12,14.5,84,17,55,:19,11.5,242,D3,N,Highway,Y,
523,Y,18.5,30.5,97,4,22,:11,10,244,D3,N,City ,Y,
524,Y,21.5,42,94,3,23,:08,15.5,237,D3,N,City ,Y,
525,Y,22,39,69,9,53,:11,14.9,208,D3,Y,Highway,Y,
526,Y,22.5,37.5,89,7,50,:09,12.1,204,D2,Y,Highway,Y,charge
527,Y,17.5,24,79,17,54,:19,14.2,190,0,N,Highway,Y,
528,Y,15,18.5,78,17,54,:19,11.7,244,0,N,Highway,Y,
529,Y,19.5,23.5,81,11,49,:14,17.3,208,0,N,Highway,Y,
530,Y,20.5,40.5,90,7,46,:10,14.7,198,0,N,Highway,Y,
531,Y,7.5,10.5,77,17,54,:19,13.6,184,0,N,Highway,Y,
532,Y,11.5,19,81,4,26,:09,10.4,183,0,N,Highway,Y,
533,Y,13.5,23.5,76,1,26,:03,10.3,182,0,N,Highway,Y,
534,Y,13,24.5,91,3,27,:08,16.6,174,0,N,Highway,Y,
535,Y,14.5,28.5,90,5,20,:17,13.2,169,0,N,Highway,Y,
536,Y,17.5,30,92,3,24,:08,7,174,D2,N,Highway,Y,
537,Y,16,29,85,18,51,:22,14,150,D2,N,City/Highway,Y,charge
538,Y,7.5,18,86,19,51,:22,16.6,193,D2,N,City/Highway,Y,
539,Y,5,18,84,38,50,:45,16.7,166,0,N,City/Highway,Y,
540,Y,5,19.5,83,35,50,:43,15.4,131,D2,N,Highway,Y,charge
541,Y,8,10.5,80,17,52,:20,14,205,D3,N,Highway,Y,
542,Y,11,20.5,82,18,56,:19,14.3,188,D3,N,Highway,Y,charge
543,Y,4,8,80,17,56,:18,13.6,213,D1,N,Highway,Y,
544,Y,17.5,25.5,77,17,59,:17,14.8,193,0,N,Highway,Y,
545,Y,7,11,82,18,54,:21,12.9,183,D2,N,Highway,Y,
546,Y,13.5,26.5,76,11,55,:12,15.8,163,D2,N,Highway,Y,
547,Y,18,31.5,84,11,40,:17,10.6,166,D2,N,Highway,Y,
548,Y,21.5,35.5,69,17,67,:15,15.2,138,0,N,Highway,Y,
549,Y,22.5,34.5,74,17,54,:19,13.1,119,0,N,Highway,Y,
550,Y,23,35,76,17,49,:21,15.6,93,D2,N,Highway,Y,
551,Y,10,12,24,15,57,:16,13.9,221,D2,N,Highway,Y,
552,Y,8.5,13,95,1,26,:04,14.3,219,D2,N,City ,Y,
553,Y,9,16,93,7,22,:19,11.4,219,D2,N,City/Highway,Y,
554,Y,15,26,96,1,25,:04,0.9,227,D2,N,City ,Y,
555,Y,15,27,96,1,20,:05,22.5,218,D2,N,City ,Y,
556,Y,19.5,39.5,75,17,64,:16,18.1,190,D2,N,Highway,Y,
557,Y,7,11.5,83,17,56,:18,12.9,129,D1,N,Highway,Y,
558,Y,19,32,82,10,36,:17,12.8,172,D1,N,City/Highway,Y,
559,Y,18.5,29.4,93,3,31,:07,11.6,164,D2,Y,City ,Y,
560,Y,18,25.1,85,4,29,:19,10.2,171,D1,N,City ,Y,
561,Y,17.5,25.1,84,1,19,:04,11.6,170,D1,N,City ,Y,
562,Y,10.5,14.5,93,6,25,:15,11.4,167,D2,N,City ,Y,
563,Y,21,41.5,91,1,8,:08,13.5,165,0,N,City ,Y,
564,Y,21,31.5,93,3,17,:14,12.3,162,D2,N,City ,Y,
565,Y,24,44,81,6,27,:14,12.1,152,D1,N,City ,Y,
566,Y,25,30,93,2,18,:09,5.1,160,D3,N,City ,Y,
567,Y,25,29,79,4,26,:10,17.7,143,0,N,City ,Y,
568,Y,22.5,25,96,30,33,:56,9.6,191,D2,N,City ,Y,
569,Y,21.1,24.5,86,6,27,:15,14.6,176,0,N,City ,Y,
570,Y,29,36,96,6,27,:15,12.7,277,D3,Y,City ,Y,
571,Y,24,31,96,12,31,:24,11.3,271,0,Y,City ,Y,
572,Y,21.5,28,95,7,26,:17,11.9,261,D2,Y,City ,Y,
573,Y,12.5,16.5,94,6,30,:13,11.2,282,D1,N,City ,Y,
574,Y,18.5,33.5,83,6,27,:14,12.4,271,0,N,City ,Y,
575,Y,19,32,95,6,28,:13,10,271,D3,N,City ,Y,
576,Y,22,33,94,4,16,:17,8.3,273,D2,N,City ,Y,
577,Y,21.5,31.5,83,3,20,:09,20.9,252,0,Y,City ,Y,
578,Y,24,32.5,96,6,28,:14,11.8,228,D2,Y,City ,Y,
579,Y,25.5,37,87,2,12,:14,17.2,218,0,Y,City ,Y,
580,Y,26,31,94,8,29,:18,12.7,207,D1,Y,City ,Y,
581,Y,31,37.5,96,7,28,:17,13.4,237,D3,Y,City ,Y,
582,Y,32.5,39.5,79,0,9,:05,24.4,228,0,Y,City ,Y,
583,Y,32.5,33.5,70,11,40,:18,14,217,0,Y,City/Highway,Y,
584,Y,2.5,24,81,6,27,:14,11,267,0,Y,City ,Y,
585,Y,26,30.5,88,2,7,:21,15.8,261,0,N,City ,Y,
586,Y,28.5,37.5,93,7,22,:20,14.4,221,D1,y,City ,Y,
587,Y,30,33,94,6,24,:16,12.7,219,D2,Y,City ,Y,
588,Y,31.5,35,94,6,26,:15,16.3,140,D3,Y,City ,Y,
589,Y,14.5,20.3,94,6,23,:17,11,279,D2,N,City ,Y,
590,Y,21,45.5,84,6,31,:12,12.2,267,0,N,City ,Y,
591,Y,23.5,34.5,89,6,26,:14,12,265,0,N,City ,Y,
592,Y,27,38.5,84,1,20,:05,17.4,276,0,Y,City ,Y,
593,Y,26.5,32.5,83,5,27,:12,13.1,224,0,Y,City ,Y,
594,Y,13.5,19.5,95,6,23,:17,11,282,D2,N,City ,Y,
595,Y,21,39,80,7,20,:22,15.2,245,0,Y,City ,Y,
596,Y,23.5,32.5,82,6,25,:15,11.9,241,0,Y,City ,Y,
597,Y,27.5,42,96,4,22,:12,9.6,234,D1,Y,City ,Y,
598,Y,26.5,37.5,93,3,22,:08,20.7,214,D2,Y,City ,Y,
599,Y,20,27,86,18,40,:27,11,266,0,N,City ,Y,
600,Y,21,,86,3,26,:09,17.4,230,0,N,City ,Y,
601,Y,12.5,16,94,6,30,:13,11.6,268,D1,N,City ,Y,
602,Y,16.5,31,95,7,16,:29,14.1,236,D2,Y,City ,Y,
603,Y,18,28.5,94,6,24,:16,10,258,D3,Y,City ,Y,
604,Y,17,35.5,82,5,27,:11,8.5,255,0,Y,City ,Y,
605,Y,16,30.5,83,3,25,:07,21,228,0,Y,City ,Y,
606,Y,11.5,25.5,91,18,18,:60,16.6,234,D1,Y,City/Highway,Y,
607,Y,14.5,27.5,87,4,31,:09,13.8,265,0,N,City ,Y,
608,Y,16,25.5,88,5,32,:09,10.4,264,0,N,City ,Y,
609,Y,20,28,96,7,28,:17,10.9,264,D3,Y,City ,Y,
610,Y,20,27.5,84,11,44,:15,12.6,231,0,Y,City/Highway,Y,
611,Y,13,17,84,6,25,:16,11.2,269,0,N,City ,Y,
612,Y,21,39,84,7,26,:17,14.1,245,0,Y,City ,Y,
613,Y,23,31,95,6,26,:14,10.8,243,D2,Y,City ,Y,
614,Y,22.5,35,82,7,25,:18,13.6,246,0,Y,City ,Y,
615,Y,15,19.5,85,6,27,:14,10.1,252,0,N,City ,Y,
616,Y,21.5,36,95,7,26,:16,13.1,223,D2,Y,City ,Y,
617,Y,22,28.5,84,6,26,:15,10.6,221,0,Y,City ,Y,
618,Y,24.5,35,85,5,18,:19,11.6,208,0,Y,City ,Y,
619,Y,23.5,26.5,97,3,21,:04,20.4,194,D1,Y,City ,Y,
620,Y,18,21,98,6,23,:17,9.7,287,D2,N,City ,Y,
621,Y,25.5,33.5,83,10,17,:35,15.3,227,0,Y,City ,Y,
622,Y,26.5,31.5,86,6,28,:13,10.8,232,0,Y,City ,Y,
623,Y,29,39,82,7,16,:28,17.9,203,0,Y,City ,Y,
624,Y,18.5,22.5,97,6,23,:17,10,283,D3,N,City ,Y,
625,Y,29.5,42,79,8,20,:24,18.4,213,0,Y,City ,Y,
626,Y,30,37.5,81,7,25,:16,12.2,216,0,Y,City ,Y,
627,Y,23.5,36,82,7,22,:20,19.4,183,0,Y,City ,Y,
628,Y,18,22.5,96,6,24,:16,10.3,285,D1,N,City ,Y,
629,Y,21.5,33.5,94,7,27,:16,13.2,246,0,Y,City ,Y,
630,Y,19,28.5,82,6,28,:14,10.5,262,0,Y,City ,Y,
631,Y,20,36,85,4,30,:08,7,270,0,Y,City ,Y,
632,Y,19.5,31.5,85,3,22,:08,20.6,242,0,Y,City ,Y,
633,Y,24,32.5,94,6,40,:10,10.8,231,D2,Y,City/Highway,Y,
634,Y,23,27.5,94,5,36,:09,13.5,226,D1,Y,City/Highway,Y,
635,Y,23,29.5,84,3,21,:08,13.1,217,0,Y,City ,Y,
636,Y,22,26,79,13,38,:20,12.7,209,0,Y,City/Highway,Y,
637,Y,19.5,24,84,9,39,:13,12.5,258,0,Y,City/Highway,Y,
638,Y,20.5,37,83,7,33,:14,12.3,245,0,Y,City/Highway,Y,
639,Y,12.5,18,82,6,25,:15,11.1,255,0,N,City ,Y,
640,Y,24,40,81,4,27,:09,14.1,246,D2,N,Highway,Y,
641,,23,33.5,80,14,53,:16,16.6,197,D2,Y,Highway,Y,
642,,15.5,19.5,85,19,49,:24,11.5,245,D2,N,City/Highway,Y,
643,,19,30.5,65,34,63,:33,14.9,187,0,N,Highway,Y,includes long wait time
644,,17.5,27,79,17,60,:17,16.4,154,D2,N,Highway,Y,
645,,19,26.5,73,25,51,:30,12.5,142,D2,N,City/Highway,Y,
646,,18.5,28.5,82,0,5,:02,,140,0,N,City ,Y,couldn’t interpret
647,,16,27.5,98,1,18,:06,11.7,140,D2,N,City ,Y,
648,,13,26.5,81,21,44,:29,14.9,106,D2,N,City/Highway,Y,
649,,7.5,13,77,17,50,:20,12,228,0,N,Highway,Y,
650,,14,34.5,77,3,28,:07,14.4,223,0,N,Highway,Y,
651,,14.5,25,83,32,31,1:01,13.1,209,D2,N,City/Highway,Y,all brake modes were used
652,,18,39.5,81,17,26,:40,15.5,183,D2,N,Highway,Y,
653,,9,16.5,84,17,34,:31,12.5,176,D3,N,Highway,Y,includes chat with SMRID on roadside
654,,18.5,36,33,3,18,:11,13.3,173,D3,N,City/Highway,Y,includes dealing with site on shut down
655,,18.5,,86,3,17,:12,13.4,170,0,N,City/Highway,Y,surface not working properly
656,,18,27.5,85,6,16,:24,14.2,165,0,N,City ,Y,site driving
657,,17.5,,70,18,42,:27,17.2,122,0,Y,City/Highway,Y,
658,,16,,69,16,61,:16,12.8,116,0,Y,City/Highway,Y,
659,,15,19,86,3,27,:07,14.5,109,0,Y,City/Highway,Y,
660,,13.5,18.5,75,14,65,:13,17.5,79,0,N,Highway,Y,
661,,18,29.5,77,19,52,:22,13.5,205,0,N,Highway,Y,
662,,16,28.5,92,10,25,:26,10.9,212,D2,N,City/Highway,Y,
663,,19,23,83,3,29,:07,14.3,207,0,N,City/Highway,Y,
664,,21.5,25.5,77,20,41,:30,16.5,169,D2,N,City/Highway,Y,
665,,12.5,,76,17,54,:19,12.2,106,D2,N,Highway,Y,computer did updates so inside temp lost
666,,22,39,91,4,32,:07,12.9,164,D2,N,City/Highway,Y,car wash
667,,18.5,31,74,14,60,:14,17.7,129,0,Y,City/Highway,Y,
