Trip #,Driver #,# of occupants,Pre-trip,Date  ,Time,Lighting,Road conditions,Odometer,Outside temp ?C,Inside temp ?C,Departure used Y/N,range indicator,Driving mode N/E/+,          Notes
1,1,1,Y,11/15/18,16:36,Dim,Clear,458,6.5,,N,160,N,
2,1,1,Y,11/16/18,8:10,Dark,Blizzard,476,-5,,N,140,N,
3,1,1,Y,11/16/18,8:40,Dim,Blizzard,490,-4.5,,N,100,N,
4,1,1,Y,11/16/18,15:25,Dim,Snowy,493,-6,,N,86,N,
5,1,1,Y,11/16/18,16:05,Dim,Snowy,496,-7.5,,N,72,N,
6,1,1,Y,11/16/18,18:58,Dim,Snowy,516,-11.5,,N,43,N?E,The car changed mode on its own
7,1,1,Y,11/16/18,19:54,Dim,Snowy,536,-10.5,,N,32,E?+,The car changed mode on its own
8,1,1,Y,11/19/18,6:47,Dark,Partly covered,556,0,,Y,184,N,
9,1,1,Y,11/19/18,7:09,Dark,Partly covered,570,0.5,,N,166,N,
10,1,1,Y,11/19/18,16:02,Sunny,Clear,573,6.5,,N,166,N,
11,1,1,Y,11/19/18,16:14,Sunny,Clear,575,6.5,,N,168,N,
12,1,1,Y,11/20/18,6:41,Dark,Frosty,593,0,-3,N,147,N,
13,1,1,Y,11/20/18,21:21,Dark,Clear,611,1,2.5,N,132,N,
14,1,1,Y,11/21/18,4:34,Dark,Clear,628,1,0.5,N,107,N,
15,1,1,Y,11/21/18,6:54,Dim,Clear,646,-2,1,N,95,N,
16,1,2,Y,11/21/18,7:43,Dim,Clear,668,0.5,14.5,N,66,N,
17,1,1,Y,11/21/18,8:27,Sunny,Clear,675,0,13.5,N,60,N,
18,1,1,Y,11/21/18,16:07,Dim,Clear,684,8,13.5,N,57,N,
19,1,1,Y,11/22/18,6:58,Dark,Clear,701,2.5,18,Y,109,N,Departure option is really nice to get into in the morning
20,1,1,Y,11/22/18,8:06,Dark,Clear,719,3.5,4.5,N,101,N,
21,1,1,Y,11/26/18,6:51,Dark,Partly covered,736,-9.5,,Y,172,N,
22,1,2,Y,11/26/18,8:43,Sunny,Partly covered,753,-11,,N,137,N,
23,2,2,Y,11/26/18,9:00,Sunny,Partly covered,755,-8.5,,N,129,N,
24,1,1,Y,11/26/18,16:25,Dim,Partly covered,757,1.5,8,N,123,N,
25,1,1,Y,11/27/18,6:48,Dark,Partly covered,774,2.5,13,Y,168,N,
26,1,1,Y,11/27/18,15:56,Dim,Clear,791,8,11,N,172,N,
27,1,1,Y,11/27/18,16:22,Dim,Clear,796,9,18,N,167,N,
28,1,1,Y,11/27/18,18:49,Dark,Clear,801,6,10,N,169,N,
29,1,1,Y,11/28/18,6:46,Dark,Clear,820,1,12.5,Y,188,N,
30,1,1,Y,11/28/18,9:40,Sunny,Clear,837,4,10,N,188,N,
31,1,1,Y,11/28/18,11:47,Sunny,Clear,842,7,17,N,180,N,
32,1,1,Y,11/28/18,17:01,Dim,Clear,847,4.5,13,N,181,N,
33,1,1,Y,11/28/18,18:19,Dark,Clear,849,6,11.5,N,177,N,
34,1,1,Y,11/28/18,19:21,Dark,Clear,853,3,10.5,N,169,N,
35,1,1,Y,11/28/18,19:48,Dark,Clear,853,3,12,N,166,N,
36,1,1,Y,11/29/18,6:45,Dark,Clear,874,0.5,8.5,Y,186,N,
37,1,1,Y,11/29/18,7:11,Dark,Clear,888,-2,19,N,174,N,
38,1,1,Y,11/29/18,15:54,Sunny,Clear,892,3.5,13,N,173,N,
39,1,1,Y,11/30/18,6:51,Dark,Clear,909,-2,9,Y,183,N,
40,1,1,Y,11/30/18,13:48,Sunny,Clear,928,3.5,13,N,168,N,
41,1,1,Y,11/30/18,14:30,Sunny,Clear,938,3,13.5,N,159,N,
42,1,1,Y,11/30/18,16:06,Dim,Clear,941,1.5,10,N,155,N,
43,1,2,Y,11/30/18,18:29,Dark,Clear,958,1,6,N,134,N,
44,1,2,Y,11/30/18,21:55,Dark,Clear,978,-2,3.5,N,118,N,
45,1,1,Y,12/01/18,5:08,Dark,Clear,997,-3,,N,115,N,
46,1,1,Y,12/01/18,12:53,Dim,Snowy,1014,-3.5,,N,96,N,
47,1,3,Y,12/02/18,10:41,Dim,Snowy,1030,-6,-6,N,161,N,
48,1,3,Y,12/02/18,12:36,Dim,Snowy,1045,-7,7,N,149,N,
49,1,3,Y,12/02/18,12:45,Dim,Partly covered,1046,-4,7,N,146,N,
50,1,3,Y,12/02/18,16:42,Dim,Partly covered,1054,-4.5,-0.5,N,137,N,
51,1,1,Y,12/03/18,6:46,Dark,Partly covered,1072,-5.5,-4.5,Y,147,N,
52,1,1,Y,12/03/18,11:49,Dim,Partly covered,1089,-2.5,3,N,138,N,
53,1,1,Y,12/03/18,12:39,Dim,Partly covered,1093,-1.5,7,N,132,N,
54,1,1,Y,12/03/18,16:49,Dim,Partly covered,1096,-3.5,2.5,N,127,N,
55,1,1,Y,12/04/18,6:51,Dark,Partly covered,1119,-11.5,11.5,Y,136,N,
56,1,1,Y,12/04/18,16:28,Dim,Clear,1137,-2,2,N,122,N,
57,1,1,Y,12/04/18,16:52,Dim,Clear,1140,-1.5,8.5,N,114,N,
58,1,1,Y,12/05/18,6:43,Dark,Clear,1154,-8,-2,Y,146,N,
59,1,1,Y,12/05/18,7:33,Dark,Partly covered,1172,-5.5,5,N,135,N,
60,1,1,Y,12/05/18,12:54,Dim,Partly covered,1172,0,11.5,N,137,N,
61,1,2,Y,12/05/18,13:03,Dim,Partly covered,1173,-3.5,16.5,N,130,N,
62,1,2,Y,12/05/18,14:52,Dim,Partly covered,1177,-6.5,5,N,128,N,
63,1,1,Y,12/05/18,16:02,Dim,Partly covered,1182,-6.5,6,N,115,N,
64,1,1,Y,12/06/18,6:29,Dark,Partly covered,1199,-14,2.5,Y,140,N,
65,1,1,Y,12/06/18,15:44,Sunny,Clear,1216,-12.5,1.5,N,121,N,
66,1,2,Y,12/06/18,16:09,Sunny,Clear,1220,-11,12.5,N,105,N,
67,1,2,Y,12/06/18,16:17,Dim,Clear,1221,-11.5,13,N,102,N,
68,1,2,Y,12/06/18,16:27,Dim,Clear,1221,-11,12,N,99,N,
69,1,2,Y,12/06/18,20:07,Dark,Partly covered,1228,-13.5,,N,87,N,Temperatrure gun not operating
70,1,1,Y,12/07/18,6:42,Dark,Partly covered,1241,-15,-9.5,Y,97,N,
71,1,1,Y,12/07/18,16:03,Dim,Clear,1258,-3.5,2.5,Y,90,N,
72,1,1,Y,12/07/18,16:34,Dim,Clear,1263,-2.5,11.5,Y,85,N,
73,1,1,Y,12/10/18,6:42,Dark,Clear,1283,-0.5,10,Y,144,N,
74,1,1,Y,12/10/18,16:49,Dim,Clear,1300,2,5,N,146,N,
75,1,1,Y,12/11/18,6:50,Dark,Clear,1317,-5.5,0.5,Y,159,N,
76,1,1,Y,12/11/18,16:55,Dim,Clear,1335,3.5,7.5,N,151,N,
77,1,1,Y,12/12/18,6:52,Dark,Clear,1352,2,10.5,Y,166,N,
78,1,2,Y,12/12/18,9:33,Dim,Clear,1369,1.5,5,N,166,N,
79,1,2,Y,12/12/18,11:07,Dim,Clear,1386,2,16,N,150,N,
80,1,2,Y,12/12/18,11:36,Dim,Clear,1386,2.5,16,N,149,N,
81,1,2,Y,12/12/18,11:42,Dim,Clear,1386,2.5,20,N,147,N,
82,1,1,Y,12/12/18,15:59,Sunny,Clear,1398,2.5,9.5,N,143,N,
83,1,1,Y,12/12/18,16:20,Dim,Clear,1402,1.5,18,N,131,N,
84,1,1,Y,12/13/18,6:54,Dark,Clear,1417,1,9.5,Y,175,N,
85,1,1,Y,12/13/18,16:22,Dim,Clear,1434,4,7.5,N,169,N,
86,1,1,Y,12/13/18,16:35,Dim,Clear,1437,4,7.5,N,160,N,
87,1,1,Y,12/13/18,16:48,Dark,Clear,1439,3,13.5,N,158,N,
88,1,1,Y,12/13/18,17:06,Dark,Clear,1441,3,20,N,157,N,
89,1,1,Y,12/14/18,4:02,Dark,Clear,1460,2.5,2,N,183,N,
90,1,1,Y,12/14/18,14:37,Dim,Clear,1479,8.5,9,N,175,N,
91,1,1,Y,12/14/18,16:06,Sunny,Clear,1490,7.5,10.5,N,165,N,
92,1,1,Y,12/14/18,16:47,Dim,Clear,1520,7,20,N,142,N,
93,1,1,Y,12/14/18,17:51,Dark,Clear,1529,10,15.5,N,136,N,
94,1,1,Y,12/16/18,14:55,Dim,Clear,1550,5.5,7,N,198,N,
95,1,1,Y,12/16/18,15:17,Dim,Clear,1562,6,13.5,N,191,N,
96,1,1,Y,12/17/18,7:22,Dark,Clear,1574,3,10,Y,202,N,
97,1,1,Y,12/17/18,16:30,Dim,Clear,1592,6.5,10,N,190,N,
98,1,1,Y,12/18/18,6:52,Dark,Clear,1609,3,10.5,Y,202,N,
99,1,1,Y,12/18/18,20:42,Dark,Clear,1627,4.5,5.5,N,186,N,
100,1,1,Y,12/19/18,7:08,Dark,Clear,1644,1.5,8.5,Y,190,N,
101,1,1,Y,12/19/18,15:12,Sunny,Clear,1661,1.5,13,N,188,N,
102,1,1,Y,12/19/18,15:42,Sunny,Clear,1665,8,14,N,180,N,
103,1,1,Y,12/19/18,16:35,Sunny,Clear,1667,5,13.5,N,176,N,
104,1,1,Y,12/19/18,18:16,Dark,Clear,1677,5,11,N,179,N,
105,1,1,Y,12/19/18,19:01,Dark,Clear,1683,4,15,N,163,N,
106,1,1,Y,12/19/18,19:36,Dark,Clear,1685,3.5,15,N,161,N,
107,1,1,Y,12/20/18,9:28,Dim,Clear,1707,0,0.5,N,125,N,
108,1,1,Y,12/20/18,9:58,Dim,Clear,1720,1.5,10,N,101,N,
109,1,1,Y,12/20/18,10:58,Sunny,Clear,1724,4,13.5,N,98,N,
110,1,1,Y,12/20/18,11:27,Dim,Clear,1727,6,14.5,N,93,N,
111,1,1,Y,12/21/18,7:22,Dark,Clear,1745,3.5,3.5,N,173,N,
112,1,1,Y,12/21/18,8:03,Dim,Clear,1762,4.6,12,N,178,N,
113,1,1,Y,12/21/18,9:33,Dim,Clear,1771,5,13,N,165,N,
114,1,1,Y,12/21/18,11:13,Dim,Clear,1776,4,12,N,159,N,
115,1,1,Y,12/21/18,11:27,Dim,Clear,1786,3.5,20,N,144,N,
116,1,1,Y,12/21/18,11:56,Dim,Clear,1788,4,17,N,146,N,
117,1,1,Y,12/21/18,12:45,Dim,Clear,1799,3.5,17,N,135,N,
118,1,1,Y,12/21/18,14:40,Dim,Snowy,1809,1.5,10.5,N,122,N,
119,1,1,Y,12/21/18,16:31,Dim,Snowy,1813,0,6.5,N,115,N,
120,1,1,Y,12/22/18,8:42,Sunny,Snowy,1831,-5,-5,N,153,N,
121,1,1,Y,12/22/18,9:14,Sunny,Partly covered,1850,-3.5,12,N,128,N,
122,1,2,Y,12/23/18,19:34,Dark,Clear,1867,-1.5,3.5,N,158,N,
123,1,1,Y,12/23//18,20:04,Dark,Clear,1880,-2.5,9.5,N,145,N,
124,1,3,Y,12/24/18,14:01,Dim,Clear,1892,-7,13,Y,154,N,
125,1,3,Y,12/24/18,21:07,Dark,Clear,1951,-6.5,-6,N,97,N?E,went to eco mode at 50km range
126,1,3,Y,12/26/18,8:42,Dim,Clear,2009,-5,-5,N,171,N,
127,1,3,Y,12/26/18,17:15,Dark,Clear,2026,-5.5,-4,N,148,N,
128,1,1,Y,12/28/18,7:44,Dim,Clear,2054,-9.5,-10,N,154,N,
129,1,1,Y,12/28/18,8:12,Dim,Clear,2073,-10,5.5,N,131,N,
130,1,1,Y,12/28/18,8:25,Sunny,Clear,2076,-10,9,N,127,N,
131,1,3,Y,12/30/18,9:49,Dim,Partly covered,2090,-3.5,-4,N,147,N,Windshield was thick ice cleaned easily very quickly
132,1,3,Y,12/30/18,11:38,Dim,Partly covered,2105,-5,6.5,N,139,N,
133,1,4,Y,12/30/18,12:03,Dim,Partly covered,2111,-6.5,10.5,N,129,N,
134,1,4,Y,12/30/18,12:46,Dim,Partly covered,2113,-7,9,N,123,N,
135,1,4,Y,12/30/18,13:12,Dim,Partly covered,2113,-8,7,N,118,N,
136,1,3,Y,01/01/19,11:17,Sunny,Clear,2145,-4,-7.5,N,156,N,
137,1,3,Y,01/01/19,12:27,Sunny,Clear,2164,0.5,9.5,N,146,N,
138,1,3,Y,01/01/19,13:50,Sunny,Clear,2166,3,8.5,N,146,N,
139,1,3,Y,01/01/19,14:24,Sunny,Clear,2168,3.5,16,N,144,N,
140,1,1,Y,01/04/19,8:36,Sunny,Clear,2212,3,2.5,N,187,N,
141,1,1,Y,01/04/19,9:05,Sunny,Clear,2227,4.5,12,N,181,N,
142,1,1,Y,01/04/19,9:46,Sunny,Clear,2229,5,10,N,179,N,
143,1,1,Y,01/04/19,10:26,Sunny,Clear,2236,7.5,21,N,184,N,
144,1,1,Y,01/04/19,10:33,Sunny,Clear,2248,7.5,20.5,N,118,N,
145,1,1,Y,01/07/19,6:41,Dark,Clear,2255,-5.5,-6,N,189,N,
146,1,1,Y,01/07/19,16:37,Dim,Clear,2272,-6,4.5,N,170,N,
147,1,1,Y,01/08/19,6:53,Dark,Clear,2299,-10,-9.5,N,171,N,
148,1,1,Y,01/08/19,16:02,Dim,Clear,2317,-7.5,0.5,N,143,N,
149,1,1,Y,01/09/19,6:54,Dark,Clear,2334,-6,0,Y,165,N,
150,1,1,Y,01/09/19,16:27,Dim,Clear,2351,5.5,7.5,N,165,N,
151,1,1,Y,01/09/19,17:37,Dark,Clear,2355,5.5,8,N,160,N,
152,1,1,Y,01/09/19,17:54,Dark,Clear,2361,5,14,N,154,N,
153,1,1,Y,01/10/19,6:59,Dark,Clear,2375,-7.5,5,Y,169,N,
154,1,2,Y,01/10/19,9:44,Sunny,Clear,2392,-7,-2.5,N,157,N,
155,1,2,Y,01/10/19,11:29,Sunny,Clear,2405,1,8,N,135,N,
156,1,1,Y,01/10/19,16:10,Sunny,Clear,2419,6,10.5,N,132,N,
157,1,2,Y,01/13/19,10:48,Sunny,Clear,2443,-2,-1.5,Y,186,N,
158,1,2,Y,01/13/19,12:30,Sunny,Clear,2458,2,9,N,176,N,
159,1,3,Y,01/13/19,13:01,Sunny,Clear,2464,3.5,14,N,169,N,
160,1,3,Y,01/13/19,13:58,Sunny,Clear,2464,3.5,12,N,168,N,
161,1,1,Y,01/14/19,6:43,Dark,Clear,2483,-9,-1,Y,175,N,
162,1,1,Y,01/14/19,16:11,Sunny,Clear,2501,10,13.5,N,171,N,
163,1,1,Y,01/15/19,6:46,Dark,Clear,2519,-8.5,-4,Y,175,N,
164,1,2,Y,01/15/19,14:14,Sunny,Clear,2536,-5,8,N,159,N,
165,1,2,Y,01/15/19,15:08,Sunny,Clear,2545,3,13,N,146,N,
166,1,1,Y,01/15/19,16:06,Sunny,Clear,2555,2,14.5,N,141,N,
167,1,1,Y,01/15/19,16:21,Sunny,Clear,2560,-2,17.5,N,130,N,
168,1,1,Y,01/15/19,16:46,Dim,Clear,2566,-3.5,19.5,N,130,N,
169,1,1,Y,01/16/19,6:45,Dark,Clear,2581,-10,-2,Y,168,N,
170,1,1,Y,01/16/19,16:20,Dim,Clear,2599,-7,-4,N,154,N,
171,1,1,Y,01/17/19,6:52,Dark,Partly covered,2616,-12,-5,Y,154,N,
172,1,1,Y,01/17/19,10:38,Dim,Partly covered,2634,-11.5,-3,N,125,N,
173,1,1,Y,01/17/19,12:00,Dim,Partly covered,2639,-12.5,-2.5,N,108,N,
174,1,1,Y,01/17/19,12:08,Dim,Partly covered,2641,-12,4,N,103,N,
175,1,1,Y,01/17/19,16:12,Dim,Partly covered,2645,-11,-7,N,99,N,
176,1,1,Y,01/17/19,16:31,Dim,Partly covered,2649,-11,3.5,N,86,N,
177,1,1,Y,01/18/19,6:57,Dark,Snowy,2663,-14,-2,Y,120,N,
178,1,1,Y,01/18/19,16:35,Sunny,Partly covered,2681,-6.5,-4.5,N,100,N,
179,1,1,Y,01/18/19,16:45,Sunny,Partly covered,2685,-11,9,N,89,N,
180,1,1,Y,01/18/19,20:07,Dark,Partly covered,2702,-15.5,-6,N,70,N,
181,1,1,Y,01/22/19,6:40,Dark,Clear,2748,-14.5,-5.5,Y,155,N,
182,1,1,Y,01/22/19,16:22,Sunny,Clear,2765,2.5,7,N,151,N,
183,1,1,Y,01/23/19,6:45,Dark,Clear,2784,-6,-0.5,Y,160,N,
184,1,1,Y,01/23/19,16:15,Dim,Snowy,2801,-9.5,-7.5,N,148,N,
185,1,1,Y,01/23/19,17:08,Dim,Snowy,2804,-11.5,-3,N,126,N,
186,1,1,Y,01/24/19,6:28,Dark,Snowy,2825,-18,-22,Y,127,N,Temperatrure gun doesn't seem accurate when its cold out even when storred inside
187,1,1,Y,01/24/19,16:35,Dim,Partly covered,2842,-2,0,N,124,N,
188,1,1,Y,01/25/19,6:24,Dark,Clear,2859,-5,-6.5,N,106,N,
189,1,1,Y,01/25/19,16:06,Sunny,Clear,2877,2.5,5.5,N,101,N,
190,1,1,Y,01/25/19,16:43,Sunny,Clear,2881,2,8,N,93,N,
191,1,1,Y,01/27/19,10:56,Dim,Clear,2901,4,5,N,171,N,
192,1,1,Y,01/27/19,12:39,Dim,Clear,2907,3,6.5,N,157,N,
193,1,1,Y,01/28/19,4:11,Dark,Clear,2913,-4,-2,N,157,N,
194,1,1,Y,01/28/19,7:32,Dark,Clear,2931,-3.5,-5.5,N,155,N,
195,1,1,Y,01/28/19,8:24,Dim,Clear,2935,-0.5,3.5,N,139,N,
196,1,1,Y,01/28/19,14:34,Sunny,Clear,2938,-1.5,2,N,137,N,
197,1,1,Y,01/28/19,17:22,Dim,Clear,2940,-1.5,-2,N,132,N,
198,1,1,Y,01/28/19,21:12,Dark,Clear,2951,-6,-3,N,121,N,
199,1,1,Y,01/29/19,6:50,Dark,Clear,2971,-13,-5,Y,122,N,
200,1,1,Y,01/29/19,19:29,Dark,Clear,2989,-14,-13.5,N,106,N,
201,1,1,Y,01/30/19,6:46,Dark,Clear,3006,-7.5,-6.5,N,126,N,
202,1,1,Y,01/30/19,15:54,Dim,Clear,3023,-2,2.5,N,122,N,
203,1,1,Y,01/31/19,6:32,Dark,Clear,3041,-2.5,0,Y,163,N,
204,1,1,Y,01/31/19,6:53,Dark,Clear,3055,-3.5,11,N,163,N,
205,1,1,Y,01/31/19,10:54,Sunny,Clear,3059,1,7.5,N,162,N,
206,1,1,Y,01/31/19,11:09,Dim,Clear,3062,3.5,8,N,155,N,
207,1,1,Y,01/31/19,15:43,Sunny,Clear,3065,7.5,12,N,157,N,
208,1,1,Y,01/31/19,15:54,Sunny,Clear,3068,7.5,15,N,152,N,
209,1,1,Y,01/31/19,16:33,Dim,Clear,3072,7,18,N,152,N,
210,1,1,Y,02/01/19,7:21,Dark,Clear,3092,-2.5,2.5,Y,186,N,
211,1,1,Y,02/01/19,13:39,Dim,Partly covered,3115,-9,-7.5,N,156,N,
212,1,1,Y,02/01/19,15:46,Dim,Partly covered,3118,-9.5,2,N,133,N,
213,1,1,Y,02/03/19,10:42,Dim,Partly covered,3140,-20,-14,N,128,N,
214,1,1,Y,02/03/19,12:40,Dim,Partly covered,3155,-22,-11,N,105,N,
215,1,1,Y,02/03/19,20:03,Dim,Partly covered,3164,-23,-25,N,82,N,
216,1,1,Y,02/05/19,6:43,Dark,Clear,3181,-25,-27,Y,106,N,I feel the int temp sensor I am using is not accurate below 0
217,1,1,Y,02/05/19,9:34,Dim,Clear,3198,-23,16.5,N,94,N,
218,1,1,Y,02/05/19,12:41,Sunny,Clear,3203,-15,1,N,102,N,
219,1,1,Y,02/05/19,16:28,Dim,Clear,3207,-20,-7.5,N,82,N,
220,1,1,Y,02/06/19,6:50,Dark,Clear,3225,-23.5,-20.5,Y,84,N,
221,1,1,Y,02/06/19,16:15,Sunny,Clear,3243,-16.5,-8.5,N,80,N,
222,1,1,Y,02/06/19,16:32,Sunny,Clear,3247,-21,2,N,65,N,
223,1,1,Y,02/06/19,18:04,Dim,Clear,3249,-20.5,-11,N,61,N,
224,1,1,Y,02/07/19,6:53,Dark,Clear,3269,-35,,Y,74,N,Temp sensor is showing an error
225,1,1,Y,02/07/19,16:36,Sunny,Clear,3287,-18,-14,N,96,N,
226,1,1,Y,02/08/19,6:42,Dark,Clear,3304,-23,-22,Y,95,N,
227,1,1,Y,02/08/19,16:30,Dim,Clear,3322,-23,-15,N,99,N,
228,1,1,Y,02/09/19,10:38,Dim,Clear,3336,-24,-24,N,101,N,
229,1,1,Y,02/09/19,11:50,Dim,Clear,3353,-23.5,-20,N,92,N,
230,1,1,Y,02/09/19,12:08,Sunny,Clear,3354,-22.5,-2,N,90,N,
231,1,1,Y,02/11/19,6:48,Dark,Partly covered,3368,-24.5,-24,Y,101,N,
232,1,1,Y,02/11/19,7:35,Dim,Partly covered,3382,-27.5,-4,N,89,N,
233,1,1,Y,02/11/19,8:32,Sunny,Partly covered,3386,-28,-12.5,N,82,N,
234,1,1,Y,02/11/19,9:56,Sunny,Partly covered,3390,-25.5,-7,N,78,N,
235,1,1,Y,02/11/19,16:10,Sunny,Partly covered,3393,-16,-8.5,N,70,N,
236,1,1,Y,02/11/19,17:54,Dim,Partly covered,3413,-22.5,-7,N,47,E,When started this trip it automatically started in eco mode
237,1,1,Y,02/12/19,6:41,Dark,Partly covered,3422,-25.5,-24,Y,72,N,
238,1,1,Y,02/12/19,14:16,Dim,Partly covered,3440,18,-14,N,88,N,
239,1,1,Y,02/12/19,15:42,Dim,Partly covered,3449,-19,-4,N,70,N,
240,1,1,Y,02/12/19,21:37,Dark,Partly covered,3459,-18.5,-23,N,81,N,
241,1,1,Y,02/13/19,6:43,Dark,Partly covered,3476,-19.5,-14,Y,79,N,
242,1,1,Y,02/13/19,13:49,Dim,Partly covered,3493,-11.5,-5,N,90,N,
243,1,1,Y,02/13/19,14:19,Dim,Partly covered,3498,-16,10.5,N,72,N,
244,1,1,Y,02/13/19,15:49,Dim,Partly covered,3503,-17,3.5,N,74,N,
245,1,1,Y,02/13/19,18:25,Dark,Partly covered,3515,-17.5,-8,N,53,N,
246,1,1,Y,02/14/19,6:47,Dark,Partly covered,3533,-29.5,-26.5,Y,58,N,
247,1,1,Y,02/14/19,7:49,Sunny,Partly covered,3551,-28.5,-15,N,53,N,
248,1,1,Y,02/14/19,9:22,Sunny,Partly covered,3554,-26.5,-9.5,N,46,N,
249,1,1,Y,02/14/19,11:23,Sunny,Partly covered,3556,-26,-2.5,N,57,N,
250,1,1,Y,02/14/19,11:53,Sunny,Partly covered,3560,-16.5,4,N,54,N,
251,1,1,Y,02/14/19,13:19,Sunny,Partly covered,3563,-15,10,N,54,N,
252,1,1,Y,02/14/19,16:14,Dark,Partly covered,3568,-15.5,0.5,N,57,N,
253,1,1,Y,02/14/19,16:39,Dark,Partly covered,3573,-15,8,N,42,N,
254,1,1,Y,02/15/19,6:45,Dark,Partly covered,3589,-23,-19,Y,62,N,
255,1,1,Y,02/15/19,17:11,Dim,Snowy,3606,-11,-5.5,Y,93,N,
256,1,1,Y,02/17/19,10:51,Sunny,Snowy,3624,-20.5,-21,N,106,N,
257,1,1,Y,02/17/19,12:29,Sunny,Snowy,3639,-16,4.5,N,101,N,
258,1,1,Y,02/19/19,6:41,Dim,Partly covered,3654,-17,-26,N,111,N,
259,1,1,Y,02/19/19,17:20,Sunny,Partly covered,3672,-9.5,2,N,123,N,
260,1,1,Y,02/25/19,6:30,Dark,Partly covered,3689,-29.5,-31.5,N,104,N,
261,1,1,Y,02/25/19,8:07,Sunny,Partly covered,3706,-30.5,-13.5,N,89,N,
262,1,1,Y,02/25/19,9:17,Sunny,Partly covered,3710,-30,-11,N,80,N,
263,1,1,Y,02/25/19,16:15,Dim,Partly covered,3714,-19.5,-5,Y,98,N,
264,1,1,Y,02/26/19,6:51,Dim,Snowy,3734,-23,-14.6,Y,100,N,
265,1,1,Y,02/26/19,16:18,Sunny,Partly covered,3752,-19.5,-5.5,Y,106,N,
266,1,1,Y,02/27/19,6:35,Dim,Partly covered,3769,-22.5,-12,Y,107,N,
267,1,1,Y,02/27/19,14:40,Sunny,Partly covered,3787,-9.5,6,N,125,N,Driving to install computer and sensors for the IT program
268,1,1,Y,02/27/19,16:23,Sunny,Partly covered,3787,1.5,15.5,N,126,N,"Was in the shop to install outside temp, inside temp and humidity and gps"
269,1,1,Y,02/28/19,6:58,Dim,Clear,3805,-12.5,6,Y,126,N,
270,1,1,Y,02/28/19,16:05,Dim,Clear,3822,-5.5,11,N,113,N,
271,1,1,Y,03/01/19,6:45,Dim,Clear,3840,-12,5,Y,132,N,
272,1,1,Y,03/01/19,16:25,Dim,Clear,3857,-15.5,-6,N,100,N,
273,1,1,Y,03/04/19,6:50,Dim,Clear,3879,-26.5,-20,Y,103,N,
274,1,1,Y,03/04/19,8:28,Sunny,Clear,3897,-26.5,-8,N,90,N,
275,1,1,Y,03/04/19,9:10,Sunny,Clear,3914,-24,2.5,N,67,N,
276,1,1,Y,03/04/19,15:10,Sunny,Clear,3931,-4,21,N,88,N,
277,1,1,Y,03/04/19,16:37,Sunny,Clear,3935,-10.5,3,N,84,N,
278,1,1,Y,03/05/19,6:38,Dim,Clear,3949,-22.5,-22.5,N,74,N,
279,1,1,Y,03/05/19,10:43,Sunny,Clear,3967,-12.5,16,N,59,N,
280,1,1,Y,03/05/19,14:30,Sunny,Clear,3984,5,29,N,130,N,
281,1,1,Y,03/05/19,16:55,Sunny,Clear,4001,-10.5,5,N,128,N,
282,1,1,Y,03/06/19,6:51,Dim,Clear,4019,-18.5,8.5,Y,130,N,"amazing warm inside, this is the first departure with the level 2 charger (Big difference, amazing)"
283,1,1,Y,03/06/19,8:47,Sunny,Clear,4036,-22,-1,N,101,N,
284,1,1,Y,03/06/19,9:53,Sunny,Clear,4040,-20.5,-1,N,95,N,
285,1,1,Y,03/06/19,14:46,Sunny,Clear,4043,-7.5,25,N,104,N,
286,1,1,Y,03/06/19,15:40,Sunny,Clear,4061,-14,16.5,N,99,N,
287,1,1,Y,03/06/19,16:12,Sunny,Clear,4075,-13.5,13.5,N,96,N,
288,1,1,Y,03/06/19,16:39,Dim,Clear,4080,-12.5,12,N,91,N,
289,1,1,Y,03/06/19,17:40,Dim,Clear,4085,-12.45,6,N,81,N,
290,1,1,Y,03/06/19,18:23,Dim,Clear,4086,-13,4,N,75,N,
291,1,1,Y,03/07/19,6:30,Dim,Clear,4105,-18,-6,Y,126,N,Left before departure was done
292,1,1,Y,03/07/19,7:36,Dim,Clear,4122,-15,-2.5,N,115,N,
293,1,1,Y,03/07/19,7:52,Dim,Clear,4125,5,4,N,107,N,Inside carwash (leaving)
294,1,1,Y,03/08/19,20:21,Dark,Clear,4126,-5,0.5,N,116,N,
295,1,1,Y,03/11/19,6:34,Dark,Clear,4140,-7,-7.5,N,137,N,Left before departure started
296,1,1,Y,03/11/19,8:48,Dim,Clear,4158,-3.5,0,N,133,N,
297,1,1,Y,03/11/19,17:14,Sunny,Clear,4164,4,15,N,128,N,
298,1,1,Y,03/12/19,6:23,Dark,Clear,4182,1,1,N,158,N,
299,1,1,Y,03/12/19,7:29,Dim,Clear,4199,1,6.5,N,159,N,
300,1,2,Y,03/12/19,8:56,Dim,Clear,4204,1,6,N,154,N,2 passengers not for the whole trip
301,1,2,Y,03/12/19,9:44,Dim,Clear,4223,2.5,14,N,143,N,2 passengers not for the whole trip
302,1,1,Y,03/12/19,10:16,Dim,Clear,4240,3,19,N,137,N,
303,1,1,Y,03/12/19,16:29,Dim,Clear,4244,6,17.5,N,138,N,
304,1,1,Y,03/12/19,17:06,Sunny,Clear,4247,3.5,17,N,131,N,
305,1,1,Y,03/13/19,6:55,Dark,Clear,4262,-3.5,16,Y,187,N,
306,1,1,Y,03/13/19,7:35,Dim,Clear,4282,-2,11.5,N,179,N,
307,1,1,Y,03/13/19,7:59,Sunny,Clear,4283,-2.5,10.5,N,174,N,
308,1,1,Y,03/13/19,8:13,Sunny,Clear,4286,-2.5,13,N,169,N,
309,1,1,Y,03/13/19,8:24,Dim,Clear,4287,-2.5,13.5,N,167,N,
310,1,1,Y,03/13/19,9:14,Dim,Clear,4291,-2,10.5,N,159,N,
311,1,1,Y,03/13/19,13:57,Sunny,Clear,4291,6.5,27.5,N,164,N,
312,1,1,Y,03/13/19,14:20,Sunny,Clear,4296,3,26,N,162,N,
313,1,1,Y,03/13/19,16:08,Sunny,Clear,4300,6.5,24.5,N,168,N,
314,1,1,Y,03/13/19,17:02,Sunny,Clear,4303,3,14.5,N,169,N,
315,1,1,Y,03/13/19,17:38,Sunny,Clear,4306,2.5,12,N,158,N,
316,1,1,Y,03/13/19,6:50,Dark,Clear,4326,-11.5,13,Y,168,N,
317,1,1,Y,03/13/19,12:52,Sunny,Clear,4343,0.5,29.5,N,170,N,
318,1,2,Y,03/15/19,22:25,Dark,Clear,4345,0,0,N,180,N,
319,1,1,Y,03/16/19,14:49,Sunny,Clear,4350,5,27.5,Y,154,N,
320,1,2,Y,03/18/19,6:45,Dim,Clear,4370,0,13,N,184,N,
321,1,1,Y,03/18/19,8:47,Sunny,Clear,4393,-1,7,N,171,N,
322,1,1,Y,03/18/19,10:06,Sunny,Clear,4398,1.5,11.5,N,162,N,
323,1,2,Y,03/18/19,12:55,Sunny,Clear,4402,12.5,36.5,N,165,N,
324,1,1,Y,03/18/19,13:31,Sunny,Clear,4418,10.5,22,N,165,N,
325,1,1,Y,03/18/19,15:47,Sunny,Clear,4423,16,34,N,164,N,
326,1,2,Y,03/18/19,16:05,Sunny,Clear,4427,9.5,24.5,N,165,N,
327,1,2,Y,03/18/19,16:39,Sunny,Clear,4430,9.5,23.5,N,165,N,
328,1,1,Y,03/19/19,6:52,Dim,Clear,4455,-1,15.5,Y,199,N,
329,1,1,Y,03/19/19,7:13,Dim,Clear,4470,12.5,15.5,N,193,N,Inside carwash (leaving)
330,1,1,Y,03/19/19,7:30,Dim,Clear,4475,0,15.5,N,179,N,
331,1,1,Y,03/19/19,18:09,Sunny,Clear,4479,12.5,23.5,N,187,N,
332,1,1,Y,03/20/19,6:44,Dark,Clear,4496,0.5,13.5,N,199,N,
333,1,1,Y,03/20/19,9:21,Sunny,Clear,4514,2.5,16.5,N,191,N,
334,1,1,Y,03/20/19,10:21,Sunny,Clear,4517,9.5,24.5,N,193,N,
335,1,2,Y,03/20/19,13:06,Sunny,Clear,4521,16.5,,N,193,N,hot in the car no computer data
336,1,1,Y,03/20/19,16:24,Sunny,Clear,4523,19.5,43,N,192,N,
337,1,1,Y,03/21/19,6:53,Dim,Clear,4546,0,16.5,N,218,N,
338,1,1,Y,03/21/19,7:13,Dim,Clear,4555,11,11.5,N,209,N,Inside carwash (leaving)
339,1,1,Y,03/21/19,11:18,Sunny,Clear,4560,15,37.5,N,201,N,
340,1,1,Y,03/21/19,11:38,Sunny,Clear,4562,9,36.5,N,197,N,
341,1,1,Y,03/21/19,11:54,Sunny,Clear,4566,9,33,N,203,N,
342,1,1,Y,03/21/19,1:16,Sunny,Clear,4570,14.5,,N,197,N,hot in the car no computer data Media prep and pics
343,3,1,Y,03/21/19,16:17,Sunny,Clear,4572,23.5,40.5,N,196,N,
344,3,1,,03/22/19,8:30,Sunny,Clear,,3,3,,100,N,
345,3,1,,03/22/19,14:25,Sunny,Clear,4606,22,41,,142,N,
346,3,4,,03/23/19,10:00,Sunny,Clear,4612,2,2,N,136,N,
347,3,4,,03/23/19,11:30,Sunny,Clear,4620,6.5,10,,,N,
348,3,1,,03/25/19,8:00,Dim,Clear,4629,2.5,4,N,174,N,
349,1,1,Y,03/25/19,16:00,Sunny,Clear,4634,11.5,,N,169,N,"Warm inside car, surface was dead"
350,1,1,Y,03/26/19,6:47,Dim,Clear,4653,5,14,Y,186,N,
351,1,1,Y,03/26/19,11:00,Dim,Clear,4670,7.5,16,N,185,N,
352,1,1,Y,03/26/19,11:39,Dim,Clear,4675,10.5,19,N,188,N,
353,1,1,Y,03/26/19,16:47,Sunny,Clear,4679,18,31.5,N,186,N,
354,1,1,Y,03/27/19,6:53,Dim,Clear,4697,1.5,1.5,N,152,N,
355,1,1,Y,03/27/19,7:22,Dim,Clear,4711,13,13,N,140,N,"In car wash, noticed slight scratch on hood"
356,1,1,Y,03/27/19,15:03,Dim,Clear,4714,5.5,15.5,N,136,N,
357,1,1,Y,03/28/19,6:48,Dim,Clear,4732,-4.5,10.5,Y,183,N,
358,1,2,Y,03/28/19,12:43,Sunny,Clear,4749,11,37,N,178,N,Demo 
359,1,1,Y,03/28/19,13:59,Sunny,Clear,4770,7,25.5,N,181,N,In car wash
360,1,2,Y,03/28/19,14:21,Sunny,Clear,4773,5,21,N,177,N,Media and demo
361,1,1,Y,03/28/19,17:24,Sunny,Clear,4776,10,24.5,N,176,N,
362,1,1,Y,03/28/19,17:34,Sunny,Clear,4780,8.5,24,N,170,N,
363,1,1,Y,03/29/19,6:53,Dim,Clear,4795,0,-1.5,N,148,N,
364,1,2,Y,03/29/19,10:02,Sunny,Clear,4812,10.5,23.5,N,152,N,
365,1,2,Y,03/29/19,12:21,Sunny,Clear,4825,15,27.5,N,149,N,
366,1,4,Y,03/29/19,14:45,Sunny,Clear,4837,20.5,35,N,145,N,
367,6,1,Y,03/29/19,15:32,Sunny,Clear,4841,20,28.5,N,142,N,Operator training
368,7,1,Y,03/29/19,15:43,Sunny,Clear,4841,16,20,N,140,N,Operator training
369,2,3,Y,03/29/19,15:51,Sunny,Clear,4842,14,18.5,N,140,N,Operator training
370,6,1,N,03/29/19,16:03,Sunny,Clear,4843,10.5,24,N,138,N,
371,6,1,N,03/29/19,16:23,Sunny,Clear,4847,13,26,N,132,N,
372,6,4,N,03/29/19,17:28,Dim,Clear,4856,10.5,22,N,122,N,
373,6,2,N,03/29/19,19:08,Sunny,Clear,4863,9.5,17.5,N,112,N,
374,6,1,Y,03/30/19,12:57,Sunny,Clear,4882,12,11.5,N,197,N,
375,6,1,N,03/30/19,13:29,Sunny,Clear,4884,14.5,27.5,N,203,N,
376,6,3,N,03/30/19,13:42,Sunny,Clear,4886,16.5,28,N,203,N,
377,6,1,N,03/30/19,14:09,Sunny,Clear,4893,17,27.5,N,199,N,
378,6,1,Y,03/31/19,13:49,Dim,Clear,4895,9,28.5,N,196,N,Stuffed car full of donations to Vallue Village
379,6,1,N,03/31/19,14:04,Dim,Clear,4897,11,27,N,187,N,
380,6,3,N,03/31/19,14:25,Dim,Clear,4900,10.5,29,N,185,N,
381,6,3,N,03/31/19,14:35,Dim,Clear,4903,10.5,27.5,N,181,N,
382,6,1,N,04/01/19,8:16,Dim,Clear,4906,1,1,N,170,N,
383,6,1,N,04/01/19,16:03,Dim,Clear,4910,10,18,N,160,N,
384,6,1,N,04/01/19,16:40,Dim,Clear,4914,9.5,20.5,N,155,N,Got groceries
385,6,1,Y,04/02/19,8:16,Sunny,Clear,4918,0.5,-2,N,152,N,"Trouble making it accelerate at first ""recuperation 1"""
386,2,1,Y,04/02/19,11:46,Sunny,Clear,4922,13.5,28.5,N,126,N,
387,2,1,Y,04/02/19,14:39,Sunny,Clear,4926,13.5,38.5,N,134,N,
388,1,1,Y,04/02/19,20:51,Dark,Clear,4932,6,12,N,130,N,
389,1,1,Y,04/03/19,6:49,Dim,Clear,4949,1,12,Y,211,N,
390,1,1,Y,04/03/19,11:11,Sunny,Clear,4967,12,28,N,201,N,
391,1,1,Y,04/03/19,11:32,Sunny,Clear,4970,12,28,N,199,N,wash
392,1,1,Y,04/03/19,12:56,Sunny,Clear,4973,13.5,32,N,197,N,Media 
393,1,1,Y,04/03/19,14:46,Sunny,Clear,4977,15,30.5,N,194,N,Decals
394,1,1,Y,04/03/19,14:58,Sunny,Clear,4980,15,29.5,N,190,N,
395,1,1,Y,04/03/19,15:54,Sunny,Clear,4981,16.5,28,N,190,N,
396,1,1,Y,04/04/19,6:57,Sunny,Clear,5009,6,17.5,Y,213,N,
397,1,1,Y,04/04/19,16:20,Sunny,Clear,5026,19,33,N,209,N,
398,1,1,Y,04/04/19,18:26,Sunny,Clear,5045,19.5,27,N,219,N,
399,1,1,Y,04/04/19,19:22,Sunny,Clear,5046,15,22,N,221,N,
400,1,1,Y,04/05/19,6:54,Dim,Clear,5055,-1,13.5,N,219,N,
401,1,1,Y,04/05/19,8:39,Dim,Clear,5073,2,4.5,N,199,N,
402,1,1,Y,04/05/19,15:52,Sunny,Clear,5073,14.5,28,N,197,N,
403,1,1,Y,04/05/19,16:39,Sunny,Clear,5074,17.5,32.5,N,196,N,
404,1,1,Y,04/05/19,17:16,Dim,Clear,5081,16,29.5,N,190,N,
405,1,3,Y,04/07/19,10:50,Sunny,Clear,5093,12.5,11.5,N,215,N,
406,1,3,Y,04/07/19,12:40,Dim,Clear,5108,15.5,28.5,N,215,N,
407,1,3,Y,04/07/19,13:35,Dim,Clear,5117,16.5,25,N,204,N,
408,1,3,Y,04/07/19,14:33,Sunny,Clear,5118,15.5,32.5,N,204,N,
409,1,1,Y,04/08/19,6:50,Sunny,Clear,5137,2.5,12.5,Y,211,N,
410,4,2,Y,04/08/19,16:15,Sunny,Clear,5155,18,46,N,202,N,
411,1,1,Y,04/08/19,16:51,Sunny,Clear,5163,17,28,N,202,N,
412,1,1,Y,04/09/19,6:55,Sunny,Clear,5181,3,14.5,Y,220,N,
413,1,1,Y,04/09/19,8:20,Sunny,Clear,5198,6.5,12,N,211,N,stickers
414,1,1,Y,04/09/19,8:31,Sunny,Clear,5201,6,13.5,N,207,N,stickers and wash
415,1,1,Y,04/09/19,9:36,Sunny,Clear,5202,13,15.5,N,206,N,
416,1,1,Y,04/09/19,10:10,Sunny,Clear,5208,12,17.5,N,194,N,
417,1,1,Y,04/09/19,16:50,Dim,Clear,5212,15,21,N,195,N,
418,1,1,Y,04/10/19,6:44,Dim,Clear,5230,1,12,Y,224,N,
419,7,2,Y,04/10/19,15:07,Dim,Clear,5248,13.5,37,N,214,N,
420,7,1,Y,04/10/19,16:10,Dim,Clear,5252,18.5,34,N,214,N,
421,7,2,Y,04/10/19,16:27,Dim,Clear,5257,14.5,30,N,220,N,
422,7,2,Y,04/10/19,17:32,Dim,Clear,5260,21.5,35,N,207,N,
423,7,2,Y,04/10/19,21:45,Dark,Clear,5267,11,12.5,N,206,N,
424,7,2,Y,04/10/19,22:02,Dark,Clear,5274,9,15,N,198,N,
425,7,2,Y,04/10/19,22:26,Dark,Clear,5281,7.5,14,N,192,N,
426,7,2,Y,04/11/19,7:51,Sunny,Clear,5306,3,4.5,N,173,N,
427,7,1,Y,04/11/19,11:50,Dim,Clear,5313,15,36,N,167,N,
428,7,1,Y,04/11/19,12:45,Dim,Clear,5323,14.5,33.5,N,154,N,
429,7,1,Y,04/11/19,16:02,Dim,Clear,5329,17.5,32,N,151,N,
430,7,2,Y,04/11/19,16:24,Dim,Clear,5334,14,27,N,148,N,
431,7,2,Y,04/11/19,17:02,Dim,Clear,5337,12.5,25.5,N,135,N,
432,7,1,Y,04/11/19,19:17,Dim,Clear,5350,9.5,18,N,124,N,
433,7,3,Y,04/11/19,19:30,Dim,Clear,5350,8,17,N,122,N,
434,7,1,Y,04/11/19,20:52,Dark,Clear,5382,5.5,11.5,N,84,N,
435,7,2,Y,04/12/19,16:28,Sunny,Clear,5345,11,26,N,76,N,
436,7,2,Y,04/12/19,17:05,Sunny,Clear,5403,13.5,30,N,104,N,
437,7,2,Y,04/12/19,17:56,Sunny,Clear,5405,13,29,N,102,N,
438,7,2,Y,04/13/19,15:04,Dim,Clear,5415,15,23.5,N,236,N,
439,7,2,Y,04/13/19,15:41,Dim,Clear,5431,14,23.5,N,216,N,
440,7,2,Y,04/13/19,20:21,Dim,Clear,5437,15,22.5,N,200,N,
441,7,3,Y,04/14/19,16:51,Dim,Clear,5445,8.5,14.5,N,199,N,
442,7,2,Y,04/14/19,17:45,Dim,Clear,5450,12,18,N,204,N,
443,7,2,Y,04/14/19,18:14,Dim,Clear,5454,12,19.5,N,189,N,
444,7,4,Y,04/14/19,20:13,Dim,Clear,5471,7,13,N,180,N,
445,7,2,Y,04/15/19,7:50,Sunny,Clear,5485,3.5,1.5,N,239,N,
446,7,1,Y,04/15/19,11:50,Sunny,Clear,5494,18,4,N,234,N,
447,7,1,Y,04/15/19,12:42,Sunny,Clear,5502,12.5,4.5,N,226,N,
448,7,1,Y,04/15/19,16:02,Dim,Clear,5508,13.5,28,N,225,N,
449,7,2,Y,04/15/19,16:28,Dim,Clear,5513,15,27.5,N,233,N,
450,7,1,Y,04/15/19,18:00,Dim,Clear,5517,15,31,N,218,N,
451,1,1,Y,04/16/19,8:57,Sunny,Clear,5523,3,7,N,221,N,
452,1,1,Y,04/16/19,13:15,Dim,Clear,5525,16,30,N,215,N,
453,1,1,Y,04/16/19,13:30,Dim,Clear,5530,14.5,29,N,203,N,
454,1,1,Y,04/16/19,14:02,Sunny,Clear,5535,14.5,26.5,N,214,N,
455,1,1,Y,04/16/19,16:07,Sunny,Clear,5539,15.5,38.5,N,203,N,
456,1,1,Y,04/16/19,16:37,Sunny,Clear,5547,16,33.5,N,185,N,
457,1,1,Y,04/17/19,6:57,Sunny,Clear,5571,4,13.5,Y,240,N,
458,1,1,Y,04/17/19,7:29,Sunny,Clear,5585,1,8,N,227,N,
459,1,1,Y,04/17/19,11:43,Sunny,Clear,5589,19.5,40.5,N,220,N,
460,1,1,Y,04/17/19,13:45,Sunny,Clear,5593,15.5,34.5,N,216,N,
461,1,1,Y,04/18/19,11:41,Sunny,Clear,5598,17.5,42.5,N,214,N,
462,1,1,Y,04/18/19,12:54,Sunny,Clear,5601,18,42.5,N,205,N,
463,1,1,Y,04/18/19,13:25,Sunny,Clear,5602,20,43.5,N,204,N,
464,4,2,Y,04/18/19,14:44,Sunny,Clear,5604,24,37,N,204,N,
465,4,1,Y,04/18/19,18:06,Sunny,Clear,5607,21.5,34.5,N,201,N,
466,4,1,Y,04/20/19,16:40,Dim,Clear,5614,14.5,25.5,N,190,N,
467,4,3,Y,04/20/19,17:54,Dim,Clear,5623,14.5,22,N,181,N,
468,4,1,Y,04/21/19,14:05,Sunny,Clear,5635,13,36,N,174,N,
469,4,1,Y,04/21/19,19:50,Dim,Clear,5649,19.5,27.5,N,197,N,
470,4,1,Y,04/22/19,7:47,Sunny,Clear,5657,9,14,N,185,N,
471,4,2,Y,04/22/19,11:14,Sunny,Clear,5664,18.5,31,N,179,N,
472,4,2,Y,04/22/19,13:11,Sunny,Clear,5676,25.5,39,N,151,N,
473,4,1,Y,04/22/19,18:55,Dim,Clear,5688,22,29,N,142,N,
474,4,2,Y,04/23/19,14:13,Sunny,Clear,5696,21,42.5,N,143,N,
475,4,2,Y,04/23/19,14:50,Sunny,Clear,5705,22.5,32.5,N,127,N,
476,4,1,Y,04/24/19,10:36,Sunny,Clear,5719,13.5,33,N,165,N,
477,4,1,Y,04/24/19,15:38,Sunny,Clear,5725,20.5,42,N,165,N,
478,4,2,Y,04/24/19,16:09,Dim,Clear,5726,20.5,30.5,N,159,N,
479,4,2,Y,04/25/19,11:37,Sunny,Clear,5730,10,39,N,146,N,
480,4,1,Y,04/26/19,7:45,Dim,Clear,5751,8,10,N,189,N,
481,4,1,Y,04/26/19,16:58,Dim,Clear,5759,5.5,13,N,180,N,
482,4,1,Y,04/26/19,16:43,Sunny,Snowy,5766,3.5,24.5,N,162,N,
483,4,1,Y,04/28/19,17:43,Sunny,Clear,5769,7,20,N,160,N,
484,4,1,Y,04/28/19,18:58,Sunny,Clear,5771,5,15,N,154,N,
485,4,1,Y,04/28/19,19:16,Sunny,Clear,5774,7,17.5,N,149,N,
486,4,1,Y,04/28/19,7:04,Sunny,Clear,5781,-1,1,N,164,N,
487,4,2,Y,04/29/19,9:18,Dim,Clear,5788,1,8,N,144,N,
488,4,2,Y,04/29/19,10:43,Sunny,Clear,5791,3,16,N,154,N,
489,1,1,Y,04/29/19,16:39,Sunny,Clear,5796,8.5,21.5,N,141,N,
490,1,1,Y,04/29/19,18:21,Sunny,Clear,5799,8,19,N,136,N,
491,1,1,Y,04/30/19,6:37,Sunny,Clear,5820,-2.5,-4,N,193,N,
492,1,1,Y,04/30/19,16:30,Dim,Snowy,5837,6.5,22.5,N,172,N,
493,1,1,Y,04/30/19,16:56,Dim,Clear,5845,7,19.5,N,173,N,
494,1,1,Y,05/01/19,6:41,Sunny,Clear,5870,-3.5,6,Y,191,N,
495,1,2,Y,05/01/19,16:22,Dim,Clear,5887,11,28,N,187,N,
496,1,1,Y,05/01/19,18:04,Sunny,Clear,5901,11.5,22,N,180,N,
497,9,1,Y,05/03/19,9:47,Dim,Clear,5950,12.5,25.5,N,158,N,
498,9,1,Y,05/03/19,10:49,Sunny,Clear,5973,11.5,23.5,N,119,N,
499,9,1,Y,05/03/19,11:42,Sunny,Clear,5977,13.5,25,N,113,N,
500,9,1,Y,05/03/19,12:11,Sunny,Clear,5980,20,30,N,111,N,
501,9,1,Y,05/03/19,13:35,Dim,Clear,5982,22,41,N,110,N,
502,9,2,Y,05/03/19,16:09,Dim,Clear,5985,21,32,N,124,N,
503,9,2,N,05/03/19,17:43,Dim,Clear,5990,12.5,26,N,123,N,
504,9,2,Y,05/03/19,19:05,Dim,Clear,5996,10,19,N,107,N,
505,9,2,Y,05/05/19,12:15,Sunny,Clear,6005,8,35,N,99,N,
506,9,2,Y,05/05/19,13:42,Sunny,Clear,6014,12.5,43.5,N,85,N,
507,9,1,Y,05/06/19,8:27,Sunny,Clear,6025,4,7.5,N,80,N,
508,9,1,Y,05/06/19,10:14,Sunny,Clear,6028,9.5,29,N,75,N,
509,9,1,N,05/06/19,11:41,Sunny,Clear,6031,11.5,30.5,N,72,N,
510,9,1,N,05/06/19,13:01,Sunny,Clear,6035,14,36,N,204,N,
511,9,1,Y,05/07/19,9:00,Sunny,Clear,6041,11,13.5,N,209,N,
512,9,2,N,05/07/19,9:34,Sunny,Clear,6044,12.5,22.5,N,204,N,
513,9,1,N,05/07/19,12:36,Sunny,Clear,6082,22.5,48.5,N,189,N,
514,9,1,Y,05/08/19,10:29,Sunny,Clear,6084,9,20.5,N,184,N,
515,9,1,Y,05/08/19,10:53,Sunny,Clear,6091,12.5,23.5,N,169,N,
516,9,2,Y,05/08/19,19:34,Sunny,Clear,6097,14.5,27.5,N,163,N,
517,9,1,Y,05/09/19,8:11,Sunny,Clear,6109,8.5,7,N,151,N,
518,9,1,Y,05/09/19,13:48,Dim,Clear,6112,22.5,44.7,N,176,N,
519,9,1,Y,05/10/19,8:48,Dim,Clear,6114,15,14.7,N,180,N,
520,1,2,Y,05/13/19,13:59,Dim,Clear,6117,14.5,17,N,176,N,
521,1,1,Y,05/13/19,15:55,Sunny,Clear,6121,21.5,36,N,169,N,
522,1,1,Y,05/14/19,7:08,Dim,Clear,6140,12,11,N,247,N,
523,1,1,Y,05/14/19,11:39,Sunny,Clear,6157,23,33.5,N,243,N,
524,1,1,Y,05/14/19,13:24,Sunny,Clear,6161,26.5,55.5,N,244,N,
525,1,1,Y,05/14/19,13:36,Sunny,Clear,6164,24,43.5,N,237,N,
526,1,1,Y,05/14/19,14:21,Sunny,Clear,6174,24.5,42,N,206,N,
527,1,1,Y,05/14/19,21:18,Dim,Clear,6182,19.5,24.5,N,218,N,
528,1,1,Y,05/15/19,6:50,Sunny,Clear,6199,15,14.5,N,248,N,
529,1,1,Y,05/15/19,9:48,Sunny,Clear,6217,20.5,37.5,N,245,N,
530,1,1,Y,05/15/19,13:25,Sunny,Clear,6228,23.5,41.6,N,210,N,
531,1,1,Y,05/16/19,7:05,Dim,Clear,6236,6.5,7,N,199,N,
532,1,1,Y,05/16/19,9:41,Sunny,Clear,6253,13.5,22,N,184,N,
533,1,1,Y,05/16/19,11:55,Dim,Clear,6258,13,23,N,183,N,
534,1,1,Y,05/16/19,12:15,Dim,Clear,6259,14.5,23.5,N,182,N,
535,1,1,Y,05/16/19,12:53,Dim,Clear,6263,14,23.5,N,175,N,
536,1,1,Y,05/16/19,15:48,Sunny,Clear,6268,18,39,N,170,N,
537,1,1,Y,05/16/19,16:04,Sunny,Clear,6272,19,32,N,174,N,
538,1,3,Y,05/17/19,14:43,Dim,Clear,6291,6.5,10.5,N,240,N,
539,1,3,Y,05/17/19,16:25,Dim,Clear,6310,7.5,11.5,N,194,N,
540,1,1,Y,05/17/19,16:49,Dim,Clear,6329,6,18.5,N,164,N,
541,1,1,Y,05/21/19,6:39,Dim,Clear,6364,7,7,N,213,N,
542,1,1,Y,05/21/19,16:23,Dim,Clear,6382,11,18.5,N,205,N,
543,1,1,Y,05/22/19,6:10,Sunny,Clear,6400,4,3.5,N,223,N,
544,1,1,Y,05/22/19,19:53,Sunny,Clear,6418,20.5,,N,213,N,Tablet battery was dead
545,1,1,Y,05/23/19,6:45,Sunny,Clear,6435,6,5,N,193,N,
546,1,1,Y,05/23/19,8:25,Sunny,Clear,6445,10,25,N,184,N,
547,1,1,Y,05/23/19,9:50,Sunny,Clear,6466,22,32,N,164,N,
548,1,1,Y,05/23/19,11:17,Sunny,Clear,6478,25,47,N,166,N,
549,1,1,Y,05/23/19,12:22,Sunny,Clear,6495,25.5,37.5,N,137,N,
550,1,1,Y,05/23/19,16:04,Dim,Clear,6513,24,47.5,N,119,N,
551,1,1,Y,05/24/19,6:30,Sunny,Clear,6530,8,7.5,N,234,N,
552,1,1,Y,05/24/19,7:05,Sunny,Clear,6546,10,12,N,221,N,
553,1,1,Y,05/24/19,7:24,Sunny,Clear,6548,9,13,N,219,N,
554,1,1,Y,05/24/19,9:28,Sunny,Clear,6555,16,25,N,220,N,
555,1,1,Y,05/24/19,9:38,Sunny,Clear,6557,16,26.5,N,228,N,
556,1,1,Y,05/24/19,16:15,Dim,Clear,6558,22,48,N,219,N,
557,1,1,Y,05/27/19,6:43,Dim,Clear,6576,7.5,5.5,N,191,N,
558,7,1,Y,05/27/19,18:17,,Clear,6593,20.5,35.8,N,180,N,
559,7,1,Y,05/27/19,18:39,,Clear,6604,19.5,31.1,N,172,N,
560,7,1,Y,05/27/19,19:49,Sunny,Clear,6608,18.5,26.2,N,162,N,
561,7,1,Y,05/27/19,20:13,Sunny,Clear,6617,18.5,25.2,N,171,N,
562,7,1,Y,05/28/19,7:57,Sunny,Clear,6619,9,9.1,N,170,N,
563,1,2,Y,05/28/19,11:33,Sunny,Clear,6625,26,50.5,N,167,N,
564,1,2,Y,05/28/19,11:50,Sunny,Clear,6626,23.5,39.5,N,165,N,
565,7,1,Y,05/28/19,11:52,Sunny,Clear,6630,25,49.5,N,162,N,
566,7,1,Y,05/29/19,11:55,Sunny,Clear,6637,19,30.3,N,156,N,
567,7,1,Y,05/29/19,12:44,Sunny,Clear,6639,27,42.7,N,160,N,
568,7,2,Y,05/29/19,20:30,Sunny,Clear,6644,27.5,32.6,N,195,N,
569,7,2,Y,05/29/19,21:38,Sunny,Clear,6675,22.5,25.2,N,193,N,
570,7,2,Y,05/30/19,21:07,Dim,Clear,6681,30,44.9,N,282,N,
571,7,3,Y,05/30/19,18:17,Dim,Clear,6688,27.5,30.1,N,278,N,
572,7,2,Y,05/30/19,19:10,Dim,Clear,6701,25,30.3,N,272,N,
573,7,1,Y,05/31/19,8:00,Dim,Clear,6708,12.5,12.8,N,289,N,
574,7,1,Y,05/31/19,11:48,Dim,Clear,6715,19,32,N,284,N,
575,7,1,Y,05/31/19,12:53,Dim,Clear,6721,20,31.6,N,272,N,
576,7,1,Y,05/31/19,16:04,Dim,Clear,6728,21,36.4,N,272,N,
577,7,2,Y,05/31/19,16:34,Dim,Clear,6733,22,33.8,N,273,N,
578,7,2,Y,06/01/19,11:54,Dim,Clear,6736,24,39.3,N,253,N,
579,7,2,Y,06/01/19,13:14,Dim,Clear,6742,26.5,44.3,N,226,N,
580,7,2,Y,06/01/19,14:02,Dim,Clear,6745,29,46.2,N,215,N,
581,7,2,Y,06/02/19,13:44,Sunny,Clear,6753,29,47.4,N,241,N,
582,7,2,Y,06/02/19,14:31,Sunny,Clear,6761,32.5,42.5,N,230,N,
583,7,2,Y,06/02/19,15:13,Sunny,Clear,6762,34,48.4,N,222,N,
584,7,2,Y,06/03/19,7:48,Sunny,Clear,6774,19.5,19.9,N,271,N,
585,7,2,Y,06/03/19,9:07,Sunny,Clear,6781,24,37,N,267,N,
586,7,2,Y,06/03/19,11:48,Sunny,Clear,6783,30,43.8,N,262,E,
587,7,1,Y,06/03/19,12:39,Sunny,Clear,6791,29,41.2,N,212,E,
588,7,1,Y,06/03/19,17:43,Sunny,Clear,6797,32,50.1,N,201,N,
589,7,2,Y,06/04/19,7:50,Sunny,Clear,6804,14,14.5,N,278,E,
590,7,1,Y,06/04/19,11:51,Sunny,Clear,6810,24,52.7,N,277,N,
591,7,1,Y,06/04/19,12:39,Sunny,Clear,6817,24,41.1,N,268,E,
592,7,1,Y,06/04/19,18:08,Sunny,Clear,6823,27.5,44.9,N,262,N,
593,7,1,Y,06/04/19,18:23,Sunny,Clear,6824,28,38.5,N,227,N,
594,7,1,Y,06/05/19,8:02,Sunny,Clear,6831,12.5,13.2,N,274,E?+,
595,7,1,Y,06/05/19,11:44,Sunny,Clear,6838,23,51.7,N,253,E,
596,7,3,Y,06/05/19,12:42,Sunny,Clear,6845,24,38.6,N,245,N,
597,7,1,Y,06/05/19,16:02,Sunny,Clear,6852,27.5,52.8,N,222,E,
598,7,2,Y,06/05/19,16:16,Sunny,Clear,6836,27,41.6,N,226,N,
599,7,1,Y,06/06/19,11:58,Sunny,Clear,6859,19.5,26,N,274,N,
600,7,1,Y,06/06/19,12:58,Sunny,Clear,6878,22,28.9,N,267,N,
601,7,2,Y,06/07/19,8:02,Sunny,Clear,6882,11.5,12.6,N,273,N,
602,7,1,Y,06/07/19,11:46,Sunny,Clear,6888,16.5,42.7,N,268,E,
603,7,1,Y,06/07/19,12:38,Sunny,Clear,6896,17,30.5,N,254,E?+,
604,7,1,Y,06/07/19,15:58,Sunny,Clear,6903,20.5,43.9,N,251,E,
605,7,2,Y,06/07/19,16:26,Sunny,Clear,6906,19,35.1,N,249,N,
606,7,2,Y,06/07/19,18:12,Sunny,Clear,6911,16.5,30.3,N,250,N,
607,7,2,Y,06/08/19,15:48,Dim,Clear,6929,14,26.2,N,273,E,
608,7,2,Y,06/08/19,16:56,Dim,Clear,6934,17,29.9,N,263,N,
609,7,1,Y,06/09/19,12:34,Sunny,Clear,6939,17.5,27,N,264,E?+,
610,7,1,Y,06/09/19,13:14,Sunny,Clear,6947,22.5,36.5,N,257,N,
611,7,2,Y,06/10/19,7:58,Sunny,Clear,6958,11,11.5,N,274,N,
612,7,1,Y,06/10/19,11:45,Sunny,Clear,6965,20.5,50.5,N,245,E,
613,7,2,Y,06/10/19,12:36,Sunny,Clear,6972,21.5,39,N,243,N,
614,7,1,Y,06/10/19,16:18,Dim,Clear,6979,25,44.5,N,228,N,
615,7,2,Y,06/11/19,7:50,Dim,Clear,6986,14,15.5,N,246,E?+,
616,7,1,Y,06/11/19,11:45,Dim,Clear,6993,20,46.5,N,224,E,
617,7,2,Y,06/11/19,12:48,Dim,Clear,7001,21,35,N,222,N,
618,7,1,Y,06/11/19,15:20,Dim,Clear,7007,24.5,46.5,N,210,N,
619,7,2,Y,06/11/19,16:03,Dim,Clear,7013,24,41.5,N,208,N,
620,7,2,Y,06/12/19,7:51,Sunny,Clear,7016,16,15,N,288,E?+,
621,7,1,Y,06/12/19,11:45,Sunny,Clear,7023,27.5,58.5,N,276,N,
622,7,2,Y,06/12/19,12:45,Sunny,Clear,7033,26.5,39,N,231,N,
623,7,1,Y,06/12/19,16:01,Sunny,Clear,7040,29.5,58,N,217,N,
624,7,2,Y,06/13/19,7:52,Sunny,Clear,7047,16.5,16.5,N,283,N,
625,7,1,Y,06/13/19,11:48,Sunny,Clear,7054,31.5,58,N,223,N,
626,7,2,Y,06/13/19,12:49,Sunny,Clear,7062,29.5,46,N,214,N,
627,7,1,Y,06/13/19,15:56,Sunny,Clear,7064,36,58,N,296,N,
628,7,2,Y,06/14/19,7:57,Sunny,Clear,7077,16.5,17,N,286,E?+,
629,7,1,Y,06/14/19,11:48,Dim,Clear,7083,23.5,44,N,253,N,
630,7,2,Y,06/14/19,12:41,Dim,Clear,7091,20.5,32.5,N,256,E,
631,7,1,Y,06/14/19,16:08,Dim,Clear,7097,20,38,N,260,N,
632,7,2,Y,06/14/19,16:26,Dim,Clear,7101,21,34.5,N,269,N,
633,7,2,Y,06/15/19,17:40,Dim,Clear,7105,20,37,N,233,E?+,
634,7,2,Y,06/15/19,18:39,Dim,Clear,7111,24,30,N,230,E,
635,7,2,Y,06/15/19,19:12,Dim,Clear,7117,23,31.5,N,221,N,
636,7,2,Y,06/15/19,20:02,Dim,Clear,7120,23,30,N,218,N,
637,7,2,Y,06/16/19,10:39,Dim,Clear,7133,18,21,N,276,N,
638,7,2,Y,06/16/19,12:13,Dim,Clear,7142,24.5,44,N,249,N,
639,7,2,Y,06/17/19,7:55,Sunny,Clear,7150,12.5,12,N,258,N,
640,1,1,Y,06/18/19,15:03,Sunny,Clear,7156,28,47.5,N,255,N,
641,1,1,Y,06/18/19,15:19,Dim,Clear,7161,23,40.5,N,230,N,leaving car wash
642,1,1,Y,06/19/19,6:52,Dim,Clear,7175,16,16.5,N,250,N,
643,1,1,Y,06/19/19,11:53,Dim,Clear,7195,24.5,47,N,246,N,
644,1,1,Y,06/19/19,16:11,Sunny,Clear,7229,19,27,N,188,N,
645,1,1,Y,06/19/19,17:42,Sunny,Clear,7242,19,31,N,155,N,another occupant was added halfway through
646,1,2,Y,06/19/19,18:37,Sunny,Clear,7272,19,28,N,141,N,
647,1,2,Y,06/19/19,19:36,Sunny,Clear,7272,17.5,27.5,N,141,N,
648,1,2,Y,06/19/19,20:11,Sunny,Clear,7274,16.5,27.5,N,140,N,1 occupant left halfway through
649,1,1,Y,06/20/19,6:44,Sunny,Clear,7296,7.5,5.5,N,230,N,
650,1,1,Y,06/20/19,9:15,Sunny,Clear,7313,15,34,N,228,N,
651,1,3,Y,06/20/19,9:45,Dim,Clear,7316,14.5,35,N,223,N,couldn’t interpret
652,1,1,Y,06/20/19,16:06,Dim,Clear,7328,23.5,44,N,209,N,
653,1,1,Y,06/21/19,7:19,Dim,Clear,7344,8.5,7.5,N,184,N,
654,1,1,Y,06/21/19,14:02,Dim,Clear,7363,21,37,N,176,N,
655,1,1,Y,06/21/19,14:35,Dim,Clear,7366,18.5,,N,173,N,"surface not working properly, missed temp"
656,1,1,Y,06/21/19,15:18,Dim,Clear,7390,19,31.5,N,170,N,1 occupant was added partway through
657,1,2,Y,06/21/19,18:25,Dark,Clear,7372,20,,N,166,N,couldn’t interpret
658,1,2,Y,06/21/19,19:14,Dim,Clear,7391,19,,N,122,N,
659,1,1,Y,06/21/19,22:02,Dim,Clear,7408,15.5,17.5,N,113,N,
660,1,1,Y,06/21/19,23:20,Sunny,Clear,7412,16.5,17,N,110,N,
661,1,1,Y,06/22/19,10:20,Dim,Clear,7426,16.5,30,N,216,N,
662,1,1,Y,06/22/19,13:31,Dim,Clear,7446,21.5,34.5,N,209,N,
663,1,1,Y,06/22/19,16:08,Sunny,Clear,7457,18.5,21.5,N,212,N,
664,1,1,Y,06/22/19,16:36,Dim,Clear,7460,19.5,24.5,N,207,N,
665,1,1,Y,06/24/19,6:59,Dim,Clear,7481,11.5,12,N,170,N,
666,1,1,Y,06/24/19,16:10,Sunny,Clear,7499,22.5,42.5,N,167,N,
667,1,1,Y,06/24/19,16:29,Sunny,Clear,7503,19.5,38,N,158,N,noticed small rock chip left front corner of hood
668,1,1,Y,06/25/19,18:28,Dim,Clear,7517,17,22,N,129,N,
669,1,1,Y,06/25/19,13:46,Sunny,Clear,7534,26,53.5,N,114,N,grid charger testing
670,1,1,Y,06/25/19,15:47,Sunny,Clear,7535,26,42,N,118,N,
671,4,1,Y,06/28/19,16:19,Dim,Clear,7537,24,36,N,24,N,tracy driving instead of allie
672,4,1,Y,06/28/19,16:48,Dim,Clear,7541,25.5,28.3,N,196,N,
673,4,1,Y,06/30/19,14:43,Sunny,Clear,7551,28.5,57.5,N,188,N,
674,4,1,Y,06/30/19,15:23,Sunny,Clear,7560,25.5,42,N,193,N,
675,4,1,Y,06/30/19,22:11,Dark,Clear,7563,22,27.5,N,195,N,
676,4,2,Y,06/30/19,8:10,Sunny,Clear,7571,19.5,23.5,N,196,N,
677,4,2,Y,06/30/19,8:23,Sunny,Clear,7576,15,20.5,N,195,N,
678,4,1,Y,06/30/19,8:32,Sunny,Clear,7580,12.5,20.5,N,184,N,
