"","trip#","driver#","#occupants","pre-trip","date_trip","time_start","lighting","road_conditions","odometer","starting_outside_temp","starting_inside_temp","departure_trip","range_start","drive_mode","notes_start","post-trip","outside_temp_finish","inside_temp_finish","blue_score","distance","average_speed","time_finish","economy","range_finish","brakemode","climate_control","road","reset_distance","notes_finish","charge_location","date_charge","time","plugin_temp","unplug_temp","departure_charge","power_usage","cost","notes_charge"
"1",1,"1",1,"Y",2018-11-15,16:36:00,"Dim","Clear",458,6.5,NA,"N",160,"N",NA,"Y",5,NA,85,17,43,":23",16,139,"B","N","Highway",NA,NA,NA,NA,NA,NA,NA,NA,NA,NA,NA
"2",2,"1",1,"Y",2018-11-16,08:10:00,"Dark","Blizzard",476,-5,NA,"N",140,"N",NA,"Y",-5,NA,81,14,54,":14",21,99,"B","Y","Highway",NA,NA,NA,NA,NA,NA,NA,NA,NA,NA,NA
"3",3,"1",1,"Y",2018-11-16,08:40:00,"Dim","Blizzard",490,-4.5,NA,"N",100,"N",NA,"Y",-6,NA,98,3,40,":10",24.3,89,"0","Y","City/Highway",NA,NA,NA,NA,NA,NA,NA,NA,NA,NA,NA
"4",4,"1",1,"Y",2018-11-16,15:25:00,"Dim","Snowy",493,-6,NA,"N",86,"N",NA,"Y",-8.5,NA,87,2,15,":10",38.7,75,"0","Y","City",NA,"Not using a braking mode this car coasts really far!",NA,NA,NA,NA,NA,NA,NA,NA,NA
"5",5,"1",1,"Y",2018-11-16,16:05:00,"Dim","Snowy",496,-7.5,NA,"N",72,"N",NA,"Y",-12,NA,86,22,35,":38",26.7,42,"0","Y","City/Highway",NA,NA,NA,NA,NA,NA,NA,NA,NA,NA,NA
"6",6,"1",1,"Y",2018-11-16,18:58:00,"Dim","Snowy",516,-11.5,NA,"N",43,"N?E","The car changed mode on its own","Y",-10.5,NA,81,19,57,":20",16.5,35,"0","N","Highway",NA,"(went into eco mode)",NA,NA,NA,NA,NA,NA,NA,NA,NA
"7",7,"1",1,"Y",2018-11-16,19:54:00,"Dim","Snowy",536,-10.5,NA,"N",32,"E?+","The car changed mode on its own","Y",-17,NA,79,20,51,":23",18.9,9,"0","N","Highway",NA,"(went into eco+ mode)","1home",2018-11-16,20:22:00,-17,0,"Y",39.1,NA,"Charge door was frozen shut, had to carefully coax it open"
"8",8,"1",1,"Y",2018-11-19,06:47:00,"Dark","Partly covered",556,0,NA,"Y",184,"N",NA,"Y",0.5,NA,67,14,60,":14",17.2,167,"0","Y","Highway",NA,NA,NA,NA,NA,NA,NA,NA,NA,NA,NA
"9",9,"1",1,"Y",2018-11-19,07:09:00,"Dark","Partly covered",570,0.5,NA,"N",166,"N",NA,"Y",0.5,NA,84,3,40,":10",17.8,163,"0","Y","City/Highway","Y",NA,NA,NA,NA,NA,NA,NA,NA,NA,NA
"10",10,"1",1,"Y",2018-11-19,16:02:00,"Sunny","Clear",573,6.5,NA,"N",166,"N",NA,"Y",6.5,NA,88,1,14,":07",12.5,168,"0","Y","City","Y",NA,NA,NA,NA,NA,NA,NA,NA,NA,NA
"11",11,"1",1,"Y",2018-11-19,16:14:00,"Sunny","Clear",575,6.5,NA,"N",168,"N",NA,"Y",3.5,NA,77,18,49,":22",18.5,150,"0","Y","Highway","Y",NA,NA,NA,NA,NA,NA,NA,NA,NA,NA
"12",12,"1",1,"Y",2018-11-20,06:41:00,"Dark","Frosty",593,0,-3,"N",147,"N",NA,"Y",-1,15.5,81,17,54,":19",17.9,132,"0","Y","Highway","Y",NA,NA,NA,NA,NA,NA,NA,NA,NA,NA
"13",13,"1",1,"Y",2018-11-20,21:21:00,"Dark","Clear",611,1,2.5,"N",132,"N",NA,"Y",0,18,79,17,56,":18",20.6,107,"0","Y","Highway","Y",NA,NA,NA,NA,NA,NA,NA,NA,NA,NA
"14",14,"1",1,"Y",2018-11-21,04:34:00,"Dark","Clear",628,1,0.5,"N",107,"N",NA,"Y",0,17,78,18,32,":34",17.7,93,"0","Y","Highway","Y","includes wait in drive-through",NA,NA,NA,NA,NA,NA,NA,NA,NA
"15",15,"1",1,"Y",2018-11-21,06:54:00,"Dim","Clear",646,-2,1,"N",95,"N",NA,"Y",0,19,85,21,39,":33",17.9,66,"0","Y","City/Highway","Y",NA,NA,NA,NA,NA,NA,NA,NA,NA,NA
"16",16,"1",2,"Y",2018-11-21,07:43:00,"Dim","Clear",668,0.5,14.5,"N",66,"N",NA,"Y",-1,22,94,7,45,":09",15.5,59,"0","Y","City","Y",NA,NA,NA,NA,NA,NA,NA,NA,NA,NA
"17",17,"1",1,"Y",2018-11-21,08:27:00,"Sunny","Clear",675,0,13.5,"N",60,"N",NA,"Y",2,19.5,89,8,38,":13",16.4,52,"0","Y","City/Highway","Y",NA,NA,NA,NA,NA,NA,NA,NA,NA,NA
"18",18,"1",1,"Y",2018-11-21,16:07:00,"Dim","Clear",684,8,13.5,"N",57,"N",NA,"Y",6,19.5,80,17,53,":20",18.5,32,"0","Y","Highway","Y","Changed to eco mode on its own at the 50km range mark","1home",2018-11-21,16:34:00,6,2.5,"Y",16.8,NA,NA
"19",19,"1",1,"Y",2018-11-22,06:58:00,"Dark","Clear",701,2.5,18,"Y",109,"N","Departure option is really nice to get into in the morning","Y",4.5,22.5,74,17,60,":20",15,99,"0","Y","Highway","Y",NA,NA,NA,NA,NA,NA,NA,NA,NA,NA
"20",20,"1",1,"Y",2018-11-22,08:06:00,"Dark","Clear",719,3.5,4.5,"N",101,"N",NA,"Y",3.5,20,78,17,53,":19",19.6,69,"0","Y","Highway","Y",NA,"1home",2018-11-22,20:27:00,3.5,-9.5,"Y",26.3,NA,NA
"21",21,"1",1,"Y",2018-11-26,06:51:00,"Dark","Partly covered",736,-9.5,NA,"Y",172,"N",NA,"Y",-11,16,74,17,52,":20",24.8,136,"0","Y","Highway","Y",NA,NA,NA,NA,NA,NA,NA,NA,NA,NA
"22",22,"1",2,"Y",2018-11-26,08:43:00,"Sunny","Partly covered",753,-11,NA,"N",137,"N",NA,"Y",-9,NA,90,1,11,":08",52.9,129,"0","Y","City","Y","My temp gun malfunction for inside temp",NA,NA,NA,NA,NA,NA,NA,NA,NA
"23",23,"2",2,"Y",2018-11-26,09:00:00,"Sunny","Partly covered",755,-8.5,NA,"N",129,"N",NA,"Y",-8,NA,86,1,12,":09",56.8,117,"0","Y","City","Y",NA,NA,NA,NA,NA,NA,NA,NA,NA,NA
"24",24,"1",1,"Y",2018-11-26,16:25:00,"Dim","Partly covered",757,1.5,8,"N",123,"N",NA,"Y",1,20,80,17,40,":26",20.3,113,"0","Y","Highway","Y",NA,"1home",2018-11-26,16:54:00,-1,2.5,"Y",14.6,NA,NA
"25",25,"1",1,"Y",2018-11-27,06:48:00,"Dark","Partly covered",774,2.5,13,"Y",168,"N",NA,"Y",4,20,78,17,56,":18",15.8,169,"B","Y","Highway","Y",NA,NA,NA,NA,NA,NA,NA,NA,NA,NA
"26",26,"1",1,"Y",2018-11-27,15:56:00,"Dim","Clear",791,8,11,"N",172,"N",NA,"Y",8.5,18,96,4,25,":10",18.6,167,"B","Y","City","Y",NA,NA,NA,NA,NA,NA,NA,NA,NA,NA
"27",27,"1",1,"Y",2018-11-27,16:22:00,"Dim","Clear",796,9,18,"N",167,"N",NA,"Y",7.5,20.5,96,4,26,":10",12.8,168,"B","Y","City","Y",NA,NA,NA,NA,NA,NA,NA,NA,NA,NA
"28",28,"1",1,"Y",2018-11-27,18:49:00,"Dark","Clear",801,6,10,"N",169,"N",NA,"Y",4,20.5,87,18,45,":25",18,147,"B","Y","City/Highway","Y",NA,"1home",2018-11-27,19:19:00,4,1,"Y",10.9,NA,NA
"29",29,"1",1,"Y",2018-11-28,06:46:00,"Dark","Clear",820,1,12.5,"Y",188,"N",NA,"Y",1,20.5,78,17,58,":18",14.9,185,"B","Y","Highway","Y",NA,NA,NA,NA,NA,NA,NA,NA,NA,NA
"30",30,"1",1,"Y",2018-11-28,09:40:00,"Sunny","Clear",837,4,10,"N",188,"N",NA,"Y",3,17,92,5,29,":10",17.8,178,"B","Y","City","Y",NA,NA,NA,NA,NA,NA,NA,NA,NA,NA
"31",31,"1",1,"Y",2018-11-28,11:47:00,"Sunny","Clear",842,7,17,"N",180,"N",NA,"Y",7.5,20.5,95,4,26,":09",13.3,182,"B","Y","City","Y",NA,NA,NA,NA,NA,NA,NA,NA,NA,NA
"32",32,"1",1,"Y",2018-11-28,17:01:00,"Dim","Clear",847,4.5,13,"N",181,"N",NA,"Y",6,17.5,97,2,21,":07",18.1,177,"B","Y","City","Y",NA,NA,NA,NA,NA,NA,NA,NA,NA,NA
"33",33,"1",1,"Y",2018-11-28,18:19:00,"Dark","Clear",849,6,11.5,"N",177,"N",NA,"Y",3,18,95,3,24,":09",19.4,170,"B","Y","City","Y",NA,NA,NA,NA,NA,NA,NA,NA,NA,NA
"34",34,"1",1,"Y",2018-11-28,19:21:00,"Dark","Clear",853,3,10.5,"N",169,"N",NA,"Y",2.5,11,98,0,10,":03",29.9,166,"B","Y","City","Y",NA,NA,NA,NA,NA,NA,NA,NA,NA,NA
"35",35,"1",1,"Y",2018-11-28,19:48:00,"Dark","Clear",853,3,12,"N",166,"N",NA,"Y",3,20.5,77,20,58,":20",19.2,137,"B","Y","City/Highway","Y",NA,"1home",2018-11-28,20:10:00,3,0.5,"Y",12.1,NA,NA
"36",36,"1",1,"Y",2018-11-29,06:45:00,"Dark","Clear",874,0.5,8.5,"Y",186,"N",NA,"Y",-3.5,19,79,14,50,":17",17.7,174,"B","Y","Highway","Y",NA,NA,NA,NA,NA,NA,NA,NA,NA,NA
"37",37,"1",1,"Y",2018-11-29,07:11:00,"Dark","Clear",888,-2,19,"N",174,"N",NA,"Y",-2.5,19.5,95,3,24,":09",20.1,168,"B","Y","City/Highway","Y",NA,NA,NA,NA,NA,NA,NA,NA,NA,NA
"38",38,"1",1,"Y",2018-11-29,15:54:00,"Sunny","Clear",892,3.5,13,"N",173,"N",NA,"Y",0,22.5,90,17,53,":19",17.7,155,"D2","Y","Highway","Y",NA,"1home",2018-11-29,16:10:00,0,-2,"Y",19.9,NA,"Departure was set for 6:40 actual departure 6:51"
"39",39,"1",1,"Y",2018-11-30,06:51:00,"Dark","Clear",909,-2,9,"Y",183,"N",NA,"Y",-3,21.5,81,19,52,":22",17.6,161,"D2","Y","City/Highway","Y",NA,NA,NA,NA,NA,NA,NA,NA,NA,NA
"40",40,"1",1,"Y",2018-11-30,13:48:00,"Sunny","Clear",928,3.5,13,"N",168,"N",NA,"Y",2,20,95,7,28,":16",17.5,159,"D2","Y","City","Y",NA,NA,NA,NA,NA,NA,NA,NA,NA,NA
"41",41,"1",1,"Y",2018-11-30,14:30:00,"Sunny","Clear",938,3,13.5,"N",159,"N",NA,"Y",2,19.5,92,6,NA,":11",NA,155,"D2","Y","City/Highway","Y","The vehicle data screen was not on the since start to some data on this line was omitted",NA,NA,NA,NA,NA,NA,NA,NA,NA
"42",42,"1",1,"Y",2018-11-30,16:06:00,"Dim","Clear",941,1.5,10,"N",155,"N",NA,"Y",0,20.5,84,17,49,":21",17.7,135,"D3","Y","Highway","Y",NA,NA,NA,NA,NA,NA,NA,NA,NA,NA
"43",43,"1",2,"Y",2018-11-30,18:29:00,"Dark","Clear",958,1,6,"N",134,"N",NA,"Y",-1,20.5,84,19,54,":21",16.3,119,"D3","Y","City/Highway","Y",NA,NA,NA,NA,NA,NA,NA,NA,NA,NA
"44",44,"1",2,"Y",2018-11-30,21:55:00,"Dark","Clear",978,-2,3.5,"N",118,"N",NA,"Y",-4,21,87,19,46,":25",21.1,82,"D2","Y","City/Highway","Y",NA,"1home",2018-11-30,22:20:00,-2,-3,"N",7.8,NA,NA
"45",45,"1",1,"Y",2018-12-01,05:08:00,"Dark","Clear",997,-3,NA,"N",115,"N",NA,"Y",-4.5,15,76,16,62,":16",19.7,96,"D3","Y","Highway","Y",NA,NA,NA,NA,NA,NA,NA,NA,NA,NA
"46",46,"1",1,"Y",2018-12-01,12:53:00,"Dim","Snowy",1014,-3.5,NA,"N",96,"N",NA,"Y",-4.5,15,84,16,56,":17",23,70,"D3","Y","Highway","Y",NA,"1home",2018-12-01,13:10:00,-4.5,-6,"N",24.2,NA,NA
"47",47,"1",3,"Y",2018-12-02,10:41:00,"Dim","Snowy",1030,-6,-6,"N",161,"N",NA,"Y",-7,10.5,73,15,60,":15",23.3,146,"D1","Y","Highway","Y",NA,NA,NA,NA,NA,NA,NA,NA,NA,NA
"48",48,"1",3,"Y",2018-12-02,12:36:00,"Dim","Snowy",1045,-7,7,"N",149,"N",NA,"Y",-5,8.5,81,0,10,":02",57.3,147,"0","Y","City","Y",NA,NA,NA,NA,NA,NA,NA,NA,NA,NA
"49",49,"1",3,"Y",2018-12-02,12:45:00,"Dim","Partly covered",1046,-4,7,"N",146,"N",NA,"Y",-3.5,16.5,97,8,44,":11",21.5,136,"D3","Y","City","Y",NA,NA,NA,NA,NA,NA,NA,NA,NA,NA
"50",50,"1",3,"Y",2018-12-02,16:42:00,"Dim","Partly covered",1054,-4.5,-0.5,"N",137,"N",NA,"Y",-9.5,19.5,86,18,45,":24",28,99,"D3","Y","City/Highway","Y",NA,"1home",2018-12-02,17:07:00,-9.5,-5.5,"Y",14,NA,"Charge door was frozen shut again"
"51",51,"1",1,"Y",2018-12-03,06:46:00,"Dark","Partly covered",1072,-5.5,-4.5,"Y",147,"N",NA,"Y",-7,16,83,17,56,":18",19.8,139,"D3","Y","Highway","Y",NA,NA,NA,NA,NA,NA,NA,NA,NA,NA
"52",52,"1",1,"Y",2018-12-03,11:49:00,"Dim","Partly covered",1089,-2.5,3,"N",138,"N",NA,"Y",-2,7.5,87,3,32,":05",31.8,131,"0","Y","City/Highway","Y",NA,NA,NA,NA,NA,NA,NA,NA,NA,NA
"53",53,"1",1,"Y",2018-12-03,12:39:00,"Dim","Partly covered",1093,-1.5,7,"N",132,"N",NA,"Y",-2,16,87,3,29,":06",24.3,129,"0","Y","City/Highway","Y",NA,NA,NA,NA,NA,NA,NA,NA,NA,NA
"54",54,"1",1,"Y",2018-12-03,16:49:00,"Dim","Partly covered",1096,-3.5,2.5,"N",127,"N",NA,"Y",-5.5,20.5,88,23,40,":35",24,100,"D3","Y","City/Highway","Y","includes sitting in drive through","1home",2018-12-03,17:29:00,-5.5,-11.5,"Y",NA,NA,"Something appeard to have happened to power supply, Log was reset and vehicle didn't appear to be warm or fully charged"
"55",55,"1",1,"Y",2018-12-04,06:51:00,"Dark","Partly covered",1119,-11.5,11.5,"Y",136,"N",NA,"Y",-12.5,14.5,83,17,50,":21",27,111,"D3","Y","Highway","Y",NA,NA,NA,NA,NA,NA,NA,NA,NA,NA
"56",56,"1",1,"Y",2018-12-04,16:28:00,"Dim","Clear",1137,-2,2,"N",122,"N",NA,"Y",-1.5,12,80,3,27,":06",32.9,114,"D3","Y","City/Highway","Y",NA,NA,NA,NA,NA,NA,NA,NA,NA,NA
"57",57,"1",1,"Y",2018-12-04,16:52:00,"Dim","Clear",1140,-1.5,8.5,"N",114,"N",NA,"Y",-3.5,20.5,83,14,56,":15",22.8,102,"D3","Y","Highway","Y","using temp gun with temperature taken off the shifter boot","1home",2018-12-04,17:09:00,-3.5,-8,"Y",14.6,NA,NA
"58",58,"1",1,"Y",2018-12-05,06:43:00,"Dark","Clear",1154,-8,-2,"Y",146,"N",NA,"Y",-7,20.5,83,17,53,":20",21.9,134,"D3","Y","Highway","Y","Temperature is different side to side and goes eco when passenger gets out",NA,NA,NA,NA,NA,NA,NA,NA,NA
"59",59,"1",1,"Y",2018-12-05,07:33:00,"Dark","Partly covered",1172,-5.5,5,"N",135,"N",NA,"Y",1,18.5,95,0,4,":07",67.9,143,"0","Y","City","Y","AST shop demo",NA,NA,NA,NA,NA,NA,NA,NA,NA
"60",60,"1",1,"Y",2018-12-05,12:54:00,"Dim","Partly covered",1172,0,11.5,"N",137,"N",NA,"Y",-3.5,16.5,89,0,4,":7",94.9,130,"0","Y","City","Y",NA,NA,NA,NA,NA,NA,NA,NA,NA,NA
"61",61,"1",2,"Y",2018-12-05,13:03:00,"Dim","Partly covered",1173,-3.5,16.5,"N",130,"N",NA,"Y",-6.5,22.5,84,4,24,":11",20.8,128,"0","Y","City","Y",NA,NA,NA,NA,NA,NA,NA,NA,NA,NA
"62",62,"1",2,"Y",2018-12-05,14:52:00,"Dim","Partly covered",1177,-6.5,5,"N",128,"N",NA,"Y",-8,17.1,85,4,21,":12",34.1,116,"D3","Y","City","Y",NA,NA,NA,NA,NA,NA,NA,NA,NA,NA
"63",63,"1",1,"Y",2018-12-05,16:02:00,"Dim","Partly covered",1182,-6.5,6,"N",115,"N",NA,"Y",-9,20.5,85,21,37,":35",24.8,101,"0","Y","City/Highway","Y","Numbers don<U+0092>t seem correct may have tried to reset wrong trip","1home",2018-12-05,16:25:00,-9,-14,"Y",14.6,NA,NA
"64",64,"1",1,"Y",2018-12-06,06:29:00,"Dark","Partly covered",1199,-14,2.5,"Y",140,"N",NA,"Y",-17,10.5,82,17,51,":20",28.8,110,"D3","Y","Highway","Y","Doesn't feel cold Tire pressure monitor gave warning/ tires appear to be ok",NA,NA,NA,NA,NA,NA,NA,NA,NA
"65",65,"1",1,"Y",2018-12-06,15:44:00,"Sunny","Clear",1216,-12.5,1.5,"N",121,"N",NA,"Y",-11,19.5,88,4,23,":10",40.6,106,"D3","Y","City","Y",NA,NA,NA,NA,NA,NA,NA,NA,NA,NA
"66",66,"1",2,"Y",2018-12-06,16:09:00,"Sunny","Clear",1220,-11,12.5,"N",105,"N",NA,"Y",-11.5,17,83,0,4,":03",NA,100,"0","Y","City","Y",NA,NA,NA,NA,NA,NA,NA,NA,NA,NA
"67",67,"1",2,"Y",2018-12-06,16:17:00,"Dim","Clear",1221,-11.5,13,"N",102,"N",NA,"Y",-11,18,89,0,8,":02",90.4,99,"0","Y","City","Y",NA,NA,NA,NA,NA,NA,NA,NA,NA,NA
"68",68,"1",2,"Y",2018-12-06,16:27:00,"Dim","Clear",1221,-11,12,"N",99,"N",NA,"Y",-13.5,22,81,7,30,":14",31.9,89,"0","Y","City","Y",NA,NA,NA,NA,NA,NA,NA,NA,NA,NA
"69",69,"1",2,"Y",2018-12-06,20:07:00,"Dark","Partly covered",1228,-13.5,NA,"N",87,"N","Temperatrure gun not operating","Y",-14,NA,82,12,52,":14",32.2,69,"D3","Y","Highway","Y",NA,"1home",2018-12-06,20:24:00,-14,-15,"Y",11.7,NA,NA
"70",70,"1",1,"Y",2018-12-07,06:42:00,"Dark","Partly covered",1241,-15,-9.5,"Y",97,"N",NA,"Y",-17.5,15.5,75,17,57,":18",27.9,81,"D3","Y","Highway","Y",NA,NA,NA,NA,NA,NA,NA,NA,NA,NA
"71",71,"1",1,"Y",2018-12-07,16:03:00,"Dim","Clear",1258,-3.5,2.5,"Y",90,"N",NA,"Y",-2.5,17,92,4,29,":09",27.6,86,"D3","Y","City","Y",NA,NA,NA,NA,NA,NA,NA,NA,NA,NA
"72",72,"1",1,"Y",2018-12-07,16:34:00,"Dim","Clear",1263,-2.5,11.5,"Y",85,"N",NA,"Y",-6,22.5,74,19,60,":20",22.2,70,"D3","Y","City/Highway","Y",NA,"1home",2018-12-07,16:55:00,-6,-0.5,"Y",21.8,NA,NA
"73",73,"1",1,"Y",2018-12-10,06:42:00,"Dark","Clear",1283,-0.5,10,"Y",144,"N",NA,"Y",3,21.5,78,17,56,":18",17.5,146,"D3","Y","Highway","Y",NA,NA,NA,NA,NA,NA,NA,NA,NA,NA
"74",74,"1",1,"Y",2018-12-10,16:49:00,"Dim","Clear",1300,2,5,"N",146,"N",NA,"Y",1,23,90,17,56,":18",19.7,133,"D3","Y","Highway","Y",NA,"1home",2018-12-10,17:08:00,1,-5.5,"Y",9,NA,NA
"75",75,"1",1,"Y",2018-12-11,06:50:00,"Dark","Clear",1317,-5.5,0.5,"Y",159,"N",NA,"Y",-3,22,82,17,56,":18",19.1,150,"D3","Y","Highway","Y",NA,NA,NA,NA,NA,NA,NA,NA,NA,NA
"76",76,"1",1,"Y",2018-12-11,16:55:00,"Dim","Clear",1335,3.5,7.5,"N",151,"N",NA,"Y",2,24,83,17,55,":18",21.5,131,"D3","Y","Highway","Y",NA,"1home",2018-12-11,17:16:00,2,2,"Y",9.9,NA,NA
"77",77,"1",1,"Y",2018-12-12,06:52:00,"Dark","Clear",1352,2,10.5,"Y",166,"N",NA,"Y",1.5,23.5,78,17,58,":18",15.5,166,"D3","Y","Highway","Y",NA,NA,NA,NA,NA,NA,NA,NA,NA,NA
"78",78,"1",2,"Y",2018-12-12,09:33:00,"Dim","Clear",1369,1.5,5,"N",166,"N",NA,"Y",1.5,24,93,16,28,":34",19.5,150,"D3","Y","City/Highway","Y","includes waiting to pick up someone",NA,NA,NA,NA,NA,NA,NA,NA,NA
"79",79,"1",2,"Y",2018-12-12,11:07:00,"Dim","Clear",1386,2,16,"N",150,"N",NA,"Y",2,22,88,0,5,":04",45.6,149,"D3","Y","City","Y",NA,NA,NA,NA,NA,NA,NA,NA,NA,NA
"80",80,"1",2,"Y",2018-12-12,11:36:00,"Dim","Clear",1386,2.5,16,"N",149,"N",NA,"Y",2.5,20,93,0,5,":03",NA,148,"D3","Y","City","Y",NA,NA,NA,NA,NA,NA,NA,NA,NA,NA
"81",81,"1",2,"Y",2018-12-12,11:42:00,"Dim","Clear",1386,2.5,20,"N",147,"N",NA,"Y",3.5,26,92,11,25,":28",17.6,142,"D3","Y","City","Y",NA,NA,NA,NA,NA,NA,NA,NA,NA,NA
"82",82,"1",1,"Y",2018-12-12,15:59:00,"Sunny","Clear",1398,2.5,9.5,"N",143,"N",NA,"Y",1.5,18.5,91,4,23,":11",24.2,132,"D3","Y","City","Y",NA,NA,NA,NA,NA,NA,NA,NA,NA,NA
"83",83,"1",1,"Y",2018-12-12,16:20:00,"Dim","Clear",1402,1.5,18,"N",131,"N",NA,"Y",0,23.5,82,14,56,":15",19.4,113,"D3","Y","Highway","Y",NA,"1home",2018-12-12,16:37:00,0,1,"Y",16.1,NA,NA
"84",84,"1",1,"Y",2018-12-13,06:54:00,"Dark","Clear",1417,1,9.5,"Y",175,"N",NA,"Y",2.5,22.5,79,17,50,":15",17.4,165,"D3","Y","Highway","Y","resistance/braking changes based on battery space, engine brake feel changes during trip",NA,NA,NA,NA,NA,NA,NA,NA,NA
"85",85,"1",1,"Y",2018-12-13,16:22:00,"Dim","Clear",1434,4,7.5,"N",169,"N",NA,"Y",4,11.5,87,2,24,":07",25.5,160,"D3","Y","City/Highway","Y",NA,NA,NA,NA,NA,NA,NA,NA,NA,NA
"86",86,"1",1,"Y",2018-12-13,16:35:00,"Dim","Clear",1437,4,7.5,"N",160,"N",NA,"Y",3,17.5,93,1,14,":06",21.5,158,"D3","Y","City","Y",NA,NA,NA,NA,NA,NA,NA,NA,NA,NA
"87",87,"1",1,"Y",2018-12-13,16:48:00,"Dark","Clear",1439,3,13.5,"N",158,"N",NA,"Y",3,24,94,3,20,":12",20.2,155,"D3","Y","City","Y",NA,NA,NA,NA,NA,NA,NA,NA,NA,NA
"88",88,"1",1,"Y",2018-12-13,17:06:00,"Dark","Clear",1441,3,20,"N",157,"N",NA,"Y",1.5,23.5,81,19,50,":23",18.8,135,"D3","Y","City/Highway","Y",NA,"1home",2018-12-13,17:29:00,1.5,2.5,"N",11.1,NA,NA
"89",89,"1",1,"Y",2018-12-14,04:02:00,"Dark","Clear",1460,2.5,2,"N",183,"N",NA,"Y",4,22.5,83,18,42,":26",16.4,175,"D3","Y","Highway","Y","includes sitting in drive through",NA,NA,NA,NA,NA,NA,NA,NA,NA
"90",90,"1",1,"Y",2018-12-14,14:37:00,"Dim","Clear",1479,8.5,9,"N",175,"N",NA,"Y",7.5,18.5,86,11,41,":16",17.7,165,"D3","Y","City/Highway","Y",NA,NA,NA,NA,NA,NA,NA,NA,NA,NA
"91",91,"1",1,"Y",2018-12-14,16:06:00,"Sunny","Clear",1490,7.5,10.5,"N",165,"N",NA,"Y",6.5,24.5,75,30,57,":31",16.3,141,"D3","Y","Highway","Y",NA,NA,NA,NA,NA,NA,NA,NA,NA,NA
"92",92,"1",1,"Y",2018-12-14,16:47:00,"Dim","Clear",1520,7,20,"N",142,"N",NA,"Y",10,23,83,8,41,":12",15,134,"D3","Y","City/Highway","Y",NA,NA,NA,NA,NA,NA,NA,NA,NA,NA
"93",93,"1",1,"Y",2018-12-14,17:51:00,"Dark","Clear",1529,10,15.5,"N",136,"N",NA,"Y",5,22.5,77,20,61,":20",17.5,107,"D3","Y","Highway","Y",NA,"1home",2018-12-14,18:13:00,5,5.5,"N",19.6,NA,NA
"94",94,"1",1,"Y",2018-12-16,14:55:00,"Dim","Clear",1550,5.5,7,"N",198,"N",NA,"Y",5.5,17,96,12,58,":12",15.5,191,"D3","Y","Highway","Y",NA,NA,NA,NA,NA,NA,NA,NA,NA,NA
"95",95,"1",1,"Y",2018-12-16,15:17:00,"Dim","Clear",1562,6,13.5,"N",191,"N",NA,"Y",5,23,94,12,57,":12",16.9,177,"D3","Y","Highway","Y",NA,NA,NA,NA,NA,NA,NA,NA,NA,NA
"96",96,"1",1,"Y",2018-12-17,07:22:00,"Dark","Clear",1574,3,10,"Y",202,"N",NA,"Y",6,20,81,17,56,":18",16,187,"D3","Y","Highway","Y",NA,"1home",2018-12-16,15:33:00,5,3,"Y",6.2,NA,"Departure sent for 6:40"
"97",97,"1",1,"Y",2018-12-17,16:30:00,"Dim","Clear",1592,6.5,10,"N",190,"N",NA,"Y",7,24.5,83,17,48,":21",17.8,165,"D3","Y","Highway","Y",NA,"1home",2018-12-17,16:53:00,7,3,"Y",8.4,NA,NA
"98",98,"1",1,"Y",2018-12-18,06:52:00,"Dark","Clear",1609,3,10.5,"Y",202,"N",NA,"Y",5,20.5,76,17,51,":20",16.3,186,"D3","Y","Highway","Y",NA,NA,NA,NA,NA,NA,NA,NA,NA,NA
"99",99,"1",1,"Y",2018-12-18,20:42:00,"Dark","Clear",1627,4.5,5.5,"N",186,"N",NA,"Y",4.5,25,84,17,55,":18",19.8,154,"D3","Y","Highway","Y",NA,"1home",2018-12-18,21:02:00,4.5,1.5,"Y",9.1,NA,NA
"100",100,"1",1,"Y",2018-12-19,07:08:00,"Dark","Clear",1644,1.5,8.5,"Y",190,"N",NA,"Y",0,19,80,17,58,":18",15.5,182,"D3","Y","Highway","Y",NA,NA,NA,NA,NA,NA,NA,NA,NA,NA
"101",101,"1",1,"Y",2018-12-19,15:12:00,"Sunny","Clear",1661,1.5,13,"N",188,"N",NA,"Y",8.5,17.5,92,3,33,":07",17.6,181,"D3","Y","City/Highway","Y",NA,NA,NA,NA,NA,NA,NA,NA,NA,NA
"102",102,"1",1,"Y",2018-12-19,15:42:00,"Sunny","Clear",1665,8,14,"N",180,"N",NA,"Y",5,19,87,2,15,":09",20.1,176,"D3","Y","City","Y",NA,NA,NA,NA,NA,NA,NA,NA,NA,NA
"103",103,"1",1,"Y",2018-12-19,16:35:00,"Sunny","Clear",1667,5,13.5,"N",176,"N",NA,"Y",5,21.5,83,9,21,":28",13.4,178,"D3","Y","City","Y",NA,NA,NA,NA,NA,NA,NA,NA,NA,NA
"104",104,"1",1,"Y",2018-12-19,18:16:00,"Dark","Clear",1677,5,11,"N",179,"N",NA,"Y",4.5,21,93,6,29,":132",20.3,164,"0","Y","City","Y",NA,NA,NA,NA,NA,NA,NA,NA,NA,NA
"105",105,"1",1,"Y",2018-12-19,19:01:00,"Dark","Clear",1683,4,15,"N",163,"N",NA,"Y",4,20.5,85,1,21,":05",17.9,160,"D3","Y","City","Y",NA,NA,NA,NA,NA,NA,NA,NA,NA,NA
"106",106,"1",1,"Y",2018-12-19,19:36:00,"Dark","Clear",1685,3.5,15,"N",161,"N",NA,"Y",2.5,22.5,84,21,35,":36",20.1,123,"D3","Y","City/Highway","Y",NA,NA,NA,NA,NA,NA,NA,NA,NA,NA
"107",107,"1",1,"Y",2018-12-20,09:28:00,"Dim","Clear",1707,0,0.5,"N",125,"N",NA,"Y",1,14.5,77,13,63,":13",17.7,109,"D3","Y","Highway","Y",NA,NA,NA,NA,NA,NA,NA,NA,NA,NA
"108",108,"1",1,"Y",2018-12-20,09:58:00,"Dim","Clear",1720,1.5,10,"N",101,"N",NA,"Y",2.5,14,73,3,30,":07",20.2,96,"D3","Y","City/Highway","Y",NA,NA,NA,NA,NA,NA,NA,NA,NA,NA
"109",109,"1",1,"Y",2018-12-20,10:58:00,"Sunny","Clear",1724,4,13.5,"N",98,"N",NA,"Y",5.5,17,90,3,23,":08",21.3,94,"D3","Y","City","Y",NA,NA,NA,NA,NA,NA,NA,NA,NA,NA
"110",110,"1",1,"Y",2018-12-20,11:27:00,"Dim","Clear",1727,6,14.5,"N",93,"N",NA,"Y",6,23,79,17,51,":20",18.5,72,"D3","Y","Highway","Y",NA,"1home",2018-12-20,11:49:00,6,3.5,"N",22.4,NA,NA
"111",111,"1",1,"Y",2018-12-21,07:22:00,"Dark","Clear",1745,3.5,3.5,"N",173,"N",NA,"Y",3,22,82,16,54,":18",14.3,174,"D3","Y","City/Highway","Y",NA,NA,NA,NA,NA,NA,NA,NA,NA,NA
"112",112,"1",1,"Y",2018-12-21,08:03:00,"Dim","Clear",1762,4.6,12,"N",178,"N",NA,"Y",4,23,97,9,23,":24",18.9,165,"D3","Y","City","Y",NA,NA,NA,NA,NA,NA,NA,NA,NA,NA
"113",113,"1",1,"Y",2018-12-21,09:33:00,"Dim","Clear",1771,5,13,"N",165,"N",NA,"Y",4.5,19,89,4,34,":07",17.5,159,"D3","Y","City","Y",NA,NA,NA,NA,NA,NA,NA,NA,NA,NA
"114",114,"1",1,"Y",2018-12-21,11:13:00,"Dim","Clear",1776,4,12,"N",159,"N",NA,"Y",3.5,21,79,10,53,":11",18.8,144,"D3","Y","Highway","Y",NA,NA,NA,NA,NA,NA,NA,NA,NA,NA
"115",115,"1",1,"Y",2018-12-21,11:27:00,"Dim","Clear",1786,3.5,20,"N",144,"N",NA,"Y",3.5,21.5,94,2,32,":4",11.5,146,"D3","Y","City","Y",NA,NA,NA,NA,NA,NA,NA,NA,NA,NA
"116",116,"1",1,"Y",2018-12-21,11:56:00,"Dim","Clear",1788,4,17,"N",146,"N",NA,"Y",3.5,22.5,88,11,44,":15",17.2,135,"D3","Y","City/Highway","Y",NA,NA,NA,NA,NA,NA,NA,NA,NA,NA
"117",117,"1",1,"Y",2018-12-21,12:45:00,"Dim","Clear",1799,3.5,17,"N",135,"N",NA,"Y",3,21.5,79,9,56,":10",17.8,122,"D3","Y","Highway","Y",NA,NA,NA,NA,NA,NA,NA,NA,NA,NA
"118",118,"1",1,"Y",2018-12-21,14:40:00,"Dim","Snowy",1809,1.5,10.5,"N",122,"N",NA,"Y",0,19,76,13,41,":20",18.8,115,"D1","Y","City/Highway","Y","Numbers don<U+0092>t seem correct may have tried to reset wrong trip",NA,NA,NA,NA,NA,NA,NA,NA,NA
"119",119,"1",1,"Y",2018-12-21,16:31:00,"Dim","Snowy",1813,0,6.5,"N",115,"N",NA,"Y",-1.5,23.5,71,17,65,":16",22.6,99,"D1","Y","Highway","Y",NA,"1home",2018-12-21,16:48:00,-1.5,-5,"N",18.1,NA,NA
"120",120,"1",1,"Y",2018-12-22,08:42:00,"Sunny","Snowy",1831,-5,-5,"N",153,"N",NA,"Y",-4.5,21.5,72,18,62,":17",21.6,128,"D1","Y","Highway","Y",NA,NA,NA,NA,NA,NA,NA,NA,NA,NA
"121",121,"1",1,"Y",2018-12-22,09:14:00,"Sunny","Partly covered",1850,-3.5,12,"N",128,"N",NA,"Y",-6,21.5,77,17,61,":17",23.7,100,"D1","Y","Highway","Y",NA,"1home",2018-12-22,09:35:00,-6,-1.5,"N",14.6,NA,NA
"122",122,"1",2,"Y",2018-12-23,19:34:00,"Dark","Clear",1867,-1.5,3.5,"N",158,"N",NA,"Y",-4,18,74,12,54,":14",21.5,146,"D1","Y","Highway","Y",NA,NA,NA,NA,NA,NA,NA,NA,NA,NA
"123",123,"1",1,"Y",2018-12-23,20:04:00,"Dark","Clear",1880,-2.5,9.5,"N",145,"N",NA,"Y",-4,19,79,12,58,":13",22.1,130,"D1","Y","Highway","Y",NA,"1home",2018-12-23,20:19:00,-4,-7,"Y",8,NA,NA
"124",124,"1",3,"Y",2018-12-24,14:01:00,"Dim","Clear",1892,-7,13,"Y",154,"N",NA,"Y",-7.5,22.5,71,58,70,":49",21.4,96,"D1","Y","Highway","Y",NA,NA,NA,NA,NA,NA,NA,NA,NA,NA
"125",125,"1",3,"Y",2018-12-24,21:07:00,"Dark","Clear",1951,-6.5,-6,"N",97,"N?E","went to eco mode at 50km range","Y",-6.5,23.5,73,58,69,":50",19.7,42,"D1","Y","Highway","Y","went to eco mode at 50km range","1home",2018-12-24,21:58:00,-6.5,-5,"N",25.4,NA,NA
"126",126,"1",3,"Y",2018-12-26,08:42:00,"Dim","Clear",2009,-5,-5,"N",171,"N",NA,"Y",-5,19,80,16,55,":18",21.8,148,"D1","Y","Highway","Y",NA,NA,NA,NA,NA,NA,NA,NA,NA,NA
"127",127,"1",3,"Y",2018-12-26,17:15:00,"Dark","Clear",2026,-5.5,-4,"N",148,"N",NA,"Y",-7.5,25,86,28,47,":36",22.4,112,"D1","Y","City/Highway","Y",NA,"1home",2018-12-26,17:53:00,-7.5,-9.5,"N",12.7,NA,NA
"128",128,"1",1,"Y",2018-12-28,07:44:00,"Dim","Clear",2054,-9.5,-10,"N",154,"N",NA,"Y",-10,16.5,78,18,62,":17",23.1,131,"D1","Y","Highway","Y",NA,NA,NA,NA,NA,NA,NA,NA,NA,NA
"129",129,"1",1,"Y",2018-12-28,08:12:00,"Dim","Clear",2073,-10,5.5,"N",131,"N",NA,"Y",-10,16,87,3,35,":05",25.3,127,"D1","Y","City/Highway","Y",NA,NA,NA,NA,NA,NA,NA,NA,NA,NA
"130",130,"1",1,"Y",2018-12-28,08:25:00,"Sunny","Clear",2076,-10,9,"N",127,"N",NA,"Y",-10,16.5,67,14,68,":12",26.5,103,"D1","Y","Highway","Y",NA,"1home",2018-12-28,08:37:00,-9,-3.5,"N",11.7,NA,NA
"131",131,"1",3,"Y",2018-12-30,09:49:00,"Dim","Partly covered",2090,-3.5,-4,"N",147,"N","Windshield was thick ice cleaned easily very quickly","Y",-3.5,14,71,15,53,":17",23.1,140,"D1","Y","Highway","Y",NA,NA,NA,NA,NA,NA,NA,NA,NA,NA
"132",132,"1",3,"Y",2018-12-30,11:38:00,"Dim","Partly covered",2105,-5,6.5,"N",139,"N",NA,"Y",-6.5,24.5,96,5,29,":11",25.3,130,"D1","Y","City","Y",NA,NA,NA,NA,NA,NA,NA,NA,NA,NA
"133",133,"1",4,"Y",2018-12-30,12:03:00,"Dim","Partly covered",2111,-6.5,10.5,"N",129,"N",NA,"Y",-7.5,16.5,82,2,15,":08",37.2,122,"0","Y","City","Y",NA,NA,NA,NA,NA,NA,NA,NA,NA,NA
"134",134,"1",4,"Y",2018-12-30,12:46:00,"Dim","Partly covered",2113,-7,9,"N",123,"N",NA,"Y",-7.5,12,94,0,6,":04",98.4,119,"0","Y","City","Y",NA,NA,NA,NA,NA,NA,NA,NA,NA,NA
"135",135,"1",4,"Y",2018-12-30,13:12:00,"Dim","Partly covered",2113,-8,7,"N",118,"N",NA,"Y",-11.5,24,93,32,34,":56",23.8,84,"D1","Y","City/Highway","Y",NA,"1home",2018-12-30,14:12:00,-11.5,-4,"N",17.9,NA,NA
"136",136,"1",3,"Y",2019-01-01,11:17:00,"Sunny","Clear",2145,-4,-7.5,"N",156,"N",NA,"Y",-2,17,76,18,59,":18",19.8,145,"D1","Y","Highway","Y",NA,NA,NA,NA,NA,NA,NA,NA,NA,NA
"137",137,"1",3,"Y",2019-01-01,12:27:00,"Sunny","Clear",2164,0.5,9.5,"N",146,"N",NA,"Y",-1,16,94,2,22,":05",21.4,144,"D1","Y","City","Y",NA,NA,NA,NA,NA,NA,NA,NA,NA,NA
"138",138,"1",3,"Y",2019-01-01,13:50:00,"Sunny","Clear",2166,3,8.5,"N",146,"N",NA,"Y",3.5,18,90,2,9,":16",27.3,143,"D1","Y","City","Y",NA,NA,NA,NA,NA,NA,NA,NA,NA,NA
"139",139,"1",3,"Y",2019-01-01,14:24:00,"Sunny","Clear",2168,3.5,16,"N",144,"N",NA,"Y",1.5,24,92,44,39,"1:08",16.5,124,"D1","Y","City/Highway","Y",NA,"1home",2019-01-01,15:46:00,1.5,3,"N",15.7,NA,NA
"140",140,"1",1,"Y",2019-01-04,08:36:00,"Sunny","Clear",2212,3,2.5,"N",187,"N",NA,"Y",5,14.5,78,14,62,":14",16.7,179,"D1","Y","Highway","Y",NA,NA,NA,NA,NA,NA,NA,NA,NA,NA
"141",141,"1",1,"Y",2019-01-04,09:05:00,"Sunny","Clear",2227,4.5,12,"N",181,"N",NA,"Y",5,13.5,84,1,24,":03",19.5,179,"0","Y","City","Y",NA,NA,NA,NA,NA,NA,NA,NA,NA,NA
"142",142,"1",1,"Y",2019-01-04,09:46:00,"Sunny","Clear",2229,5,10,"N",179,"N",NA,"Y",7,22.5,83,7,16,":26",13.8,183,"0","Y","City","Y",NA,NA,NA,NA,NA,NA,NA,NA,NA,NA
"143",143,"1",1,"Y",2019-01-04,10:26:00,"Sunny","Clear",2236,7.5,21,"N",184,"N",NA,"Y",7.5,22,94,5,28,":11",17.7,178,"0","Y","City","Y",NA,NA,NA,NA,NA,NA,NA,NA,NA,NA
"144",144,"1",1,"Y",2019-01-04,10:33:00,"Sunny","Clear",2248,7.5,20.5,"N",118,"N",NA,"Y",7,22.5,82,14,56,":14",18.2,158,"D1","Y","Highway","Y",NA,"1home",2019-01-04,11:10:00,7,-5.5,"N",9.3,NA,NA
"145",145,"1",1,"Y",2019-01-07,06:41:00,"Dark","Clear",2255,-5.5,-6,"N",189,"N",NA,"Y",-5,19.5,82,17,58,":18",19,170,"D1","Y","Highway","Y","windshield was heavy frost and defrosted quickly",NA,NA,NA,NA,NA,NA,NA,NA,NA
"146",146,"1",1,"Y",2019-01-07,16:37:00,"Dim","Clear",2272,-6,4.5,"N",170,"N",NA,"Y",-7.5,21,86,27,38,":43",23.4,120,"D1","Y","City/Highway","Y","includes waiting in drive though","1home",2019-01-07,17:23:00,-7.5,-10,"N",12.6,NA,NA
"147",147,"1",1,"Y",2019-01-08,06:53:00,"Dark","Clear",2299,-10,-9.5,"N",171,"N",NA,"Y",-11,19.5,78,17,55,":19",23.6,136,"D2","Y","Highway","Y","when departure is not used it feels like it uses battery fast to get to temperature",NA,NA,NA,NA,NA,NA,NA,NA,NA
"148",148,"1",1,"Y",2019-01-08,16:02:00,"Dim","Clear",2317,-7.5,0.5,"N",143,"N",NA,"Y",-8.5,20,82,17,56,":18",20.9,125,"D2","Y","Highway","Y",NA,"1home",2019-01-08,16:22:00,-8.5,-6,"Y",11.3,NA,NA
"149",149,"1",1,"Y",2019-01-09,06:54:00,"Dark","Clear",2334,-6,0,"Y",165,"N",NA,"Y",-4,16,81,17,59,":17",17.4,158,"D2","Y","Highway","Y",NA,NA,NA,NA,NA,NA,NA,NA,NA,NA
"150",150,"1",1,"Y",2019-01-09,16:27:00,"Dim","Clear",2351,5.5,7.5,"N",165,"N",NA,"Y",6,16.5,89,3,33,":07",20.6,159,"0","Y","City/Highway","Y",NA,NA,NA,NA,NA,NA,NA,NA,NA,NA
"151",151,"1",1,"Y",2019-01-09,17:37:00,"Dark","Clear",2355,5.5,8,"N",160,"N",NA,"Y",5,15,77,5,41,":07",17.9,155,"D2","Y","Highway","Y",NA,NA,NA,NA,NA,NA,NA,NA,NA,NA
"152",152,"1",1,"Y",2019-01-09,17:54:00,"Dark","Clear",2361,5,14,"N",154,"N",NA,"Y",2.5,18.5,76,14,62,":13",19.8,138,"D2","Y","Highway","Y",NA,"1home",2019-01-09,18:09:00,2.5,-7.5,"Y",10.7,NA,NA
"153",153,"1",1,"Y",2019-01-10,06:59:00,"Dark","Clear",2375,-7.5,5,"Y",169,"N",NA,"Y",-7.5,18,75,17,58,":17",19.6,153,"D2","Y","Highway","Y",NA,NA,NA,NA,NA,NA,NA,NA,NA,NA
"154",154,"1",2,"Y",2019-01-10,09:44:00,"Sunny","Clear",2392,-7,-2.5,"N",157,"N",NA,"Y",-3,15,70,12,55,":13",23.6,133,"0","Y","Highway","Y",NA,NA,NA,NA,NA,NA,NA,NA,NA,NA
"155",155,"1",2,"Y",2019-01-10,11:29:00,"Sunny","Clear",2405,1,8,"N",135,"N",NA,"Y",-1.5,19.5,87,13,42,":20",16.5,131,"D2","Y","Highway","Y",NA,NA,NA,NA,NA,NA,NA,NA,NA,NA
"156",156,"1",1,"Y",2019-01-10,16:10:00,"Sunny","Clear",2419,6,10.5,"N",132,"N",NA,"Y",-3,21,84,24,42,":34",17.2,114,"D2","Y","Highway","Y",NA,"1home",2019-01-10,16:47:00,-3,-2,"Y",18.5,NA,"Departure was set but the vehicle was not driven the day it was set for"
"157",157,"1",2,"Y",2019-01-13,10:48:00,"Sunny","Clear",2443,-2,-1.5,"Y",186,"N",NA,"Y",-2,17,68,14,57,":15",17.8,175,"D2","Y","Highway","Y",NA,NA,NA,NA,NA,NA,NA,NA,NA,NA
"158",158,"1",2,"Y",2019-01-13,12:30:00,"Sunny","Clear",2458,2,9,"N",176,"N",NA,"Y",3,19,88,5,29,":12",19.9,168,"D2","Y","City","Y",NA,NA,NA,NA,NA,NA,NA,NA,NA,NA
"159",159,"1",3,"Y",2019-01-13,13:01:00,"Sunny","Clear",2464,3.5,14,"N",169,"N",NA,"Y",3,16.5,72,0,7,":02",35.2,168,"0","Y","City","Y",NA,NA,NA,NA,NA,NA,NA,NA,NA,NA
"160",160,"1",3,"Y",2019-01-13,13:58:00,"Sunny","Clear",2464,3.5,12,"N",168,"N",NA,"Y",2.5,21,76,19,51,":22",18.6,145,"D2","Y","Highway","Y",NA,"1home",2019-01-13,14:25:00,2.5,-9,"Y",10.1,NA,NA
"161",161,"1",1,"Y",2019-01-14,06:43:00,"Dark","Clear",2483,-9,-1,"Y",175,"N",NA,"Y",-9.5,16.5,82,17,51,":21",20.2,156,"D2","Y","Highway","Y",NA,NA,NA,NA,NA,NA,NA,NA,NA,NA
"162",162,"1",1,"Y",2019-01-14,16:11:00,"Sunny","Clear",2501,10,13.5,"N",171,"N",NA,"Y",0,21,79,17,58,":18",17.4,152,"D2","Y","Highway","Y",NA,"1home",2019-01-14,16:30:00,0,-8.5,"Y",9,NA,NA
"163",163,"1",1,"Y",2019-01-15,06:46:00,"Dark","Clear",2519,-8.5,-4,"Y",175,"N",NA,"Y",-9,14.5,77,17,58,":18",20.8,151,"D2","Y","Highway","Y",NA,NA,NA,NA,NA,NA,NA,NA,NA,NA
"164",164,"1",2,"Y",2019-01-15,14:14:00,"Sunny","Clear",2536,-5,8,"N",159,"N",NA,"Y",-1,17,92,8,28,":18",20.2,149,"D2","Y","City","Y",NA,NA,NA,NA,NA,NA,NA,NA,NA,NA
"165",165,"1",2,"Y",2019-01-15,15:08:00,"Sunny","Clear",2545,3,13,"N",146,"N",NA,"Y",-1.5,19.5,91,10,38,":17",17,140,"D2","Y","Highway","Y",NA,NA,NA,NA,NA,NA,NA,NA,NA,NA
"166",166,"1",1,"Y",2019-01-15,16:06:00,"Sunny","Clear",2555,2,14.5,"N",141,"N",NA,"Y",-2.5,17.5,94,4,25,":09",23.1,133,"D2","Y","City","Y",NA,NA,NA,NA,NA,NA,NA,NA,NA,NA
"167",167,"1",1,"Y",2019-01-15,16:21:00,"Sunny","Clear",2560,-2,17.5,"N",130,"N",NA,"Y",-3.5,20,93,6,26,":15",16.6,130,"D2","Y","City","Y",NA,NA,NA,NA,NA,NA,NA,NA,NA,NA
"168",168,"1",1,"Y",2019-01-15,16:46:00,"Dim","Clear",2566,-3.5,19.5,"N",130,"N",NA,"Y",-5.5,21,78,14,56,":16",18.1,115,"D2","Y","Highway","Y",NA,"1home",2019-01-15,17:03:00,-5.5,-10,"y",15.5,NA,NA
"169",169,"1",1,"Y",2019-01-16,06:45:00,"Dark","Clear",2581,-10,-2,"Y",168,"N",NA,"Y",-9.5,17,80,17,57,":18",20,146,"D2","Y","Highway","Y",NA,NA,NA,NA,NA,NA,NA,NA,NA,NA
"170",170,"1",1,"Y",2019-01-16,16:20:00,"Dim","Clear",2599,-7,-4,"N",154,"N",NA,"Y",-8,15,83,17,57,":18",22.4,125,"D2","Y","Highway","Y",NA,"1home",2019-01-16,16:40:00,-8,-12,"Y",10.5,NA,NA
"171",171,"1",1,"Y",2019-01-17,06:52:00,"Dark","Partly covered",2616,-12,-5,"Y",154,"N",NA,"Y",-12.5,19.5,76,17,59,":17",25,125,"D2","Y","Highway","Y",NA,NA,NA,NA,NA,NA,NA,NA,NA,NA
"172",172,"1",1,"Y",2019-01-17,10:38:00,"Dim","Partly covered",2634,-11.5,-3,"N",125,"N",NA,"Y",-13,6,83,5,42,":07",34.6,109,"D2","Y","City/Highway","Y",NA,NA,NA,NA,NA,NA,NA,NA,NA,NA
"173",173,"1",1,"Y",2019-01-17,12:00:00,"Dim","Partly covered",2639,-12.5,-2.5,"N",108,"N",NA,"Y",-12.5,5,83,2,28,":04",38.1,103,"D2","Y","City/Highway","Y",NA,NA,NA,NA,NA,NA,NA,NA,NA,NA
"174",174,"1",1,"Y",2019-01-17,12:08:00,"Dim","Partly covered",2641,-12,4,"N",103,"N",NA,"Y",-12.5,19,88,3,27,":08",32.5,97,"0","Y","City/Highway","Y",NA,NA,NA,NA,NA,NA,NA,NA,NA,NA
"175",175,"1",1,"Y",2019-01-17,16:12:00,"Dim","Partly covered",2645,-11,-7,"N",99,"N",NA,"Y",-11,8,86,4,28,":09",38.6,87,"D2","Y","City/Highway","Y",NA,NA,NA,NA,NA,NA,NA,NA,NA,NA
"176",176,"1",1,"Y",2019-01-17,16:31:00,"Dim","Partly covered",2649,-11,3.5,"N",86,"N",NA,"Y",-12,18,76,14,60,":14",24.7,76,"D2","Y","Highway","Y",NA,"1home",2019-01-17,16:47:00,-12,-14,"Y",16.1,NA,NA
"177",177,"1",1,"Y",2019-01-18,06:57:00,"Dark","Snowy",2663,-14,-2,"Y",120,"N",NA,"Y",-15.5,16,75,17,56,":18",29.2,93,"D2","Y","Highway","Y",NA,NA,NA,NA,NA,NA,NA,NA,NA,NA
"178",178,"1",1,"Y",2019-01-18,16:35:00,"Sunny","Partly covered",2681,-6.5,-4.5,"N",100,"N",NA,"Y",-11,11.5,94,3,24,":09",39,92,"D2","Y","City","Y",NA,NA,NA,NA,NA,NA,NA,NA,NA,NA
"179",179,"1",1,"Y",2019-01-18,16:45:00,"Sunny","Partly covered",2685,-11,9,"N",89,"N",NA,"Y",-16,19,87,17,51,":20",25.4,75,"D2","Y","City/Highway","Y",NA,NA,NA,NA,NA,NA,NA,NA,NA,NA
"180",180,"1",1,"Y",2019-01-18,20:07:00,"Dark","Partly covered",2702,-15.5,-6,"N",70,"N",NA,"Y",-14.5,18,82,46,57,":48",21.2,35,"D2","Y","City/Highway","Y",NA,"1home",2019-01-18,20:59:00,-14.5,-14.5,"Y",32.4,NA,NA
"181",181,"1",1,"Y",2019-01-22,06:40:00,"Dark","Clear",2748,-14.5,-5.5,"Y",155,"N",NA,"Y",-8,16,83,17,47,":22",21.4,142,"D2","Y","Highway","Y",NA,NA,NA,NA,NA,NA,NA,NA,NA,NA
"182",182,"1",1,"Y",2019-01-22,16:22:00,"Sunny","Clear",2765,2.5,7,"N",151,"N",NA,"Y",1,18,79,18,43,":25",21.7,128,"0","Y","Highway","Y",NA,"1home",2019-01-22,16:57:00,1,-6,"Y",10.3,NA,NA
"183",183,"1",1,"Y",2019-01-23,06:45:00,"Dark","Clear",2784,-6,-0.5,"Y",160,"N",NA,"Y",-5.5,14.5,79,17,59,":17",17.8,153,"D2","Y","Highway","Y",NA,NA,NA,NA,NA,NA,NA,NA,NA,NA
"184",184,"1",1,"Y",2019-01-23,16:15:00,"Dim","Snowy",2801,-9.5,-7.5,"N",148,"N",NA,"Y",-12,7.5,74,3,23,":08",42.4,129,"0","Y","City","Y",NA,NA,NA,NA,NA,NA,NA,NA,NA,NA
"185",185,"1",1,"Y",2019-01-23,17:08:00,"Dim","Snowy",2804,-11.5,-3,"N",126,"N",NA,"Y",-13.5,16.5,78,20,58,":21",24.6,102,"0","Y","Highway","Y",NA,"1home",2019-01-23,17:30:00,-13.5,-18,"Y",13.4,NA,"Left long before departure started"
"186",186,"1",1,"Y",2019-01-24,06:28:00,"Dark","Snowy",2825,-18,-22,"Y",127,"N","Temperatrure gun doesn't seem accurate when its cold out even when storred inside","Y",-22,9,80,17,54,":19",29.6,103,"D3","Y","Highway","Y",NA,NA,NA,NA,NA,NA,NA,NA,NA,NA
"187",187,"1",1,"Y",2019-01-24,16:35:00,"Dim","Partly covered",2842,-2,0,"N",124,"N",NA,"Y",-1.5,12,82,17,59,":17",22.7,107,"D2","Y","Highway","Y",NA,NA,NA,NA,NA,NA,NA,NA,NA,NA
"188",188,"1",1,"Y",2019-01-25,06:24:00,"Dark","Clear",2859,-5,-6.5,"N",106,"N",NA,"Y",-4.5,12.5,80,17,56,":18",19,99,"D2","Y","Highway","Y",NA,NA,NA,NA,NA,NA,NA,NA,NA,NA
"189",189,"1",1,"Y",2019-01-25,16:06:00,"Sunny","Clear",2877,2.5,5.5,"N",101,"N",NA,"Y",2.5,11.5,91,4,19,":14",22.3,95,"D2","Y","Highway","Y",NA,NA,NA,NA,NA,NA,NA,NA,NA,NA
"190",190,"1",1,"Y",2019-01-25,16:43:00,"Sunny","Clear",2881,2,8,"N",93,"N",NA,"Y",-0.5,19,78,19,52,":22",18.8,75,"D2","Y","Highway","Y",NA,"1home",2019-01-25,17:07:00,-0.5,4,"N",23.2,NA,NA
"191",191,"1",1,"Y",2019-01-27,10:56:00,"Dim","Clear",2901,4,5,"N",171,"N",NA,"Y",3.5,17,66,6,54,":06",26.2,157,"D2","Y","Highway","Y",NA,NA,NA,NA,NA,NA,NA,NA,NA,NA
"192",192,"1",1,"Y",2019-01-27,12:39:00,"Dim","Clear",2907,3,6.5,"N",157,"N",NA,"Y",0.5,14,95,6,39,":09",20.5,152,"0","Y","City/Highway","Y",NA,"1home",2019-01-27,12:49:00,0.5,-4,"N",2.9,NA,NA
"193",193,"1",1,"Y",2019-01-28,04:11:00,"Dark","Clear",2913,-4,-2,"N",157,"N",NA,"Y",-3.5,16,84,17,51,":20",17.5,154,"D3","Y","Highway","Y",NA,NA,NA,NA,NA,NA,NA,NA,NA,NA
"194",194,"1",1,"Y",2019-01-28,07:32:00,"Dark","Clear",2931,-3.5,-5.5,"N",155,"N",NA,"Y",-5,7,95,4,25,":09",30.4,140,"D1","Y","City/Highway","Y",NA,NA,NA,NA,NA,NA,NA,NA,NA,NA
"195",195,"1",1,"Y",2019-01-28,08:24:00,"Dim","Clear",2935,-0.5,3.5,"N",139,"N",NA,"Y",-4.5,12,96,3,25,":08",24.3,133,"D1","Y","City","Y",NA,NA,NA,NA,NA,NA,NA,NA,NA,NA
"196",196,"1",1,"Y",2019-01-28,14:34:00,"Sunny","Clear",2938,-1.5,2,"N",137,"N",NA,"Y",-1,17,96,1,8,":12",39.8,134,"D3","Y","City","Y",NA,NA,NA,NA,NA,NA,NA,NA,NA,NA
"197",197,"1",1,"Y",2019-01-28,17:22:00,"Dim","Clear",2940,-1.5,-2,"N",132,"N",NA,"Y",-3.5,14,93,10,36,":17",19.8,123,"D2","Y","City","Y",NA,NA,NA,NA,NA,NA,NA,NA,NA,NA
"198",198,"1",1,"Y",2019-01-28,21:12:00,"Dark","Clear",2951,-6,-3,"N",121,"N",NA,"Y",-8,17.5,74,20,60,":21",22.7,96,"D2","Y","Highway","Y",NA,"1home",2019-01-28,21:35:00,-8,-13,"Y",10.2,NA,NA
"199",199,"1",1,"Y",2019-01-29,06:50:00,"Dark","Clear",2971,-13,-5,"Y",122,"N",NA,"Y",-14.5,15.5,77,17,57,":18",23.9,101,"D2","Y","Highway","Y",NA,NA,NA,NA,NA,NA,NA,NA,NA,NA
"200",200,"1",1,"Y",2019-01-29,19:29:00,"Dark","Clear",2989,-14,-13.5,"N",106,"N",NA,"Y",-12.5,13,80,17,56,":18",25.4,84,"D2","Y","Highway","Y",NA,"1home",2019-01-29,19:48:00,-12.5,-7.5,"Y",12.5,NA,NA
"201",201,"1",1,"Y",2019-01-30,06:46:00,"Dark","Clear",3006,-7.5,-6.5,"N",126,"N",NA,"Y",-9,19,76,17,60,":17",19.2,117,"D1","Y","Highway","Y",NA,NA,NA,NA,NA,NA,NA,NA,NA,NA
"202",202,"1",1,"Y",2019-01-30,15:54:00,"Dim","Clear",3023,-2,2.5,"N",122,"N",NA,"Y",-1,15,80,17,62,":17",19.9,106,"D1","Y","Highway","Y",NA,"1home",2019-01-30,16:12:00,-1,-2.5,"Y",12.7,NA,NA
"203",203,"1",1,"Y",2019-01-31,06:32:00,"Dark","Clear",3041,-2.5,0,"Y",163,"N",NA,"Y",-3.5,11.5,78,14,62,":14",16.6,162,"D1","Y","Highway","Y",NA,NA,NA,NA,NA,NA,NA,NA,NA,NA
"204",204,"1",1,"Y",2019-01-31,06:53:00,"Dark","Clear",3055,-3.5,11,"N",163,"N",NA,"Y",-3,16,92,3,25,":08",19.1,158,"D1","Y","City/Highway","Y",NA,NA,NA,NA,NA,NA,NA,NA,NA,NA
"205",205,"1",1,"Y",2019-01-31,10:54:00,"Sunny","Clear",3059,1,7.5,"N",162,"N",NA,"Y",3.5,10,91,3,35,":05",23,155,"D1","Y","City/Highway","Y",NA,NA,NA,NA,NA,NA,NA,NA,NA,NA
"206",206,"1",1,"Y",2019-01-31,11:09:00,"Dim","Clear",3062,3.5,8,"N",155,"N",NA,"Y",4.5,18,79,3,25,":07",16.7,156,"0","Y","City/Highway","Y",NA,NA,NA,NA,NA,NA,NA,NA,NA,NA
"207",207,"1",1,"Y",2019-01-31,15:43:00,"Sunny","Clear",3065,7.5,12,"N",157,"N",NA,"Y",7.5,17,86,3,30,":06",20.7,152,"D1","Y","City/Highway","Y",NA,NA,NA,NA,NA,NA,NA,NA,NA,NA
"208",208,"1",1,"Y",2019-01-31,15:54:00,"Sunny","Clear",3068,7.5,15,"N",152,"N",NA,"Y",7,21,90,3,18,":12",16.6,152,"D1","Y","City/Highway","Y",NA,NA,NA,NA,NA,NA,NA,NA,NA,NA
"209",209,"1",1,"Y",2019-01-31,16:33:00,"Dim","Clear",3072,7,18,"N",152,"N",NA,"Y",5,21.5,78,19,55,":21",16.7,137,"D1","Y","Highway","Y",NA,"1home",2019-01-31,16:59:00,5,-2.5,"Y",13,NA,NA
"210",210,"1",1,"Y",2019-02-01,07:21:00,"Dark","Clear",3092,-2.5,2.5,"Y",186,"N",NA,"Y",-5,21,81,23,53,":26",18.2,164,"D1","Y","Highway","Y",NA,NA,NA,NA,NA,NA,NA,NA,NA,NA
"211",211,"1",1,"Y",2019-02-01,13:39:00,"Dim","Partly covered",3115,-9,-7.5,"N",156,"N",NA,"Y",-10,17,93,3,23,":09",40.3,134,"D1","Y","City/Highway","Y",NA,NA,NA,NA,NA,NA,NA,NA,NA,NA
"212",212,"1",1,"Y",2019-02-01,15:46:00,"Dim","Partly covered",3118,-9.5,2,"N",133,"N",NA,"Y",-11.5,21,85,21,38,":34",23.9,109,"D1","Y","City/Highway","Y",NA,"1home",2019-02-01,16:22:00,-11.5,-20,"N",14.1,NA,NA
"213",213,"1",1,"Y",2019-02-03,10:42:00,"Dim","Partly covered",3140,-20,-14,"N",128,"N",NA,"Y",-22.5,1,73,15,56,":16",32.2,103,"D1","Y","Highway","Y","Feels warmer than the indicated in the car",NA,NA,NA,NA,NA,NA,NA,NA,NA
"214",214,"1",1,"Y",2019-02-03,12:40:00,"Dim","Partly covered",3155,-22,-11,"N",105,"N",NA,"Y",-22,15,95,8,27,":19",43.7,84,"D1","Y","City","Y",NA,NA,NA,NA,NA,NA,NA,NA,NA,NA
"215",215,"1",1,"Y",2019-02-03,20:03:00,"Dim","Partly covered",3164,-23,-25,"N",82,"N",NA,"Y",-23.5,1,82,16,46,":21",38,58,"D1","Y","Highway","Y","Feels warmer than the indicated in the car","1home",2019-02-03,20:26:00,-23.5,-27,"Y",20.7,NA,NA
"216",216,"1",1,"Y",2019-02-05,06:43:00,"Dark","Clear",3181,-25,-27,"Y",106,"N","I feel the int temp sensor I am using is not accurate below 0","Y",-24.5,5,81,17,54,":19",29.4,93,"D1","Y","Highway","Y","Feels warmer than the indicated in the car",NA,NA,NA,NA,NA,NA,NA,NA,NA
"217",217,"1",1,"Y",2019-02-05,09:34:00,"Dim","Clear",3198,-23,16.5,"N",94,"N",NA,"Y",-23,3,98,4,24,":11",42.8,84,"D1","Y","City","Y","Feels warmer than the indicated in the car",NA,NA,NA,NA,NA,NA,NA,NA,NA
"218",218,"1",1,"Y",2019-02-05,12:41:00,"Sunny","Clear",3203,-15,1,"N",102,"N",NA,"Y",-20,14,97,4,24,":12",43,86,"D1","Y","City","Y","Level 1 charger doesn't always fully charge overnight",NA,NA,NA,NA,NA,NA,NA,NA,NA
"219",219,"1",1,"Y",2019-02-05,16:28:00,"Dim","Clear",3207,-20,-7.5,"N",82,"N",NA,"Y",-23.5,165,82,17,53,":19",32.3,59,"D1","Y","Highway","Y","With it this cold the range of the car is diminished and a level 2 charger is almost neccesary","1home",2019-02-05,16:48:00,-23.5,-23,"Y",16,NA,NA
"220",220,"1",1,"Y",2019-02-06,06:50:00,"Dark","Clear",3225,-23.5,-20.5,"Y",84,"N",NA,"Y",-24,3,79,18,51,":21",30.9,73,"D1","Y","Highway","Y",NA,NA,NA,NA,NA,NA,NA,NA,NA,NA
"221",221,"1",1,"Y",2019-02-06,16:15:00,"Sunny","Clear",3243,-16.5,-8.5,"N",80,"N",NA,"Y",-21.5,4,91,4,28,":09",45.7,72,"D1","Y","City/Highway","Y",NA,NA,NA,NA,NA,NA,NA,NA,NA,NA
"222",222,"1",1,"Y",2019-02-06,16:32:00,"Sunny","Clear",3247,-21,2,"N",65,"N",NA,"Y",-21.5,7.5,96,1,17,":05",54.9,62,"D1","Y","City","Y",NA,NA,NA,NA,NA,NA,NA,NA,NA,NA
"223",223,"1",1,"Y",2019-02-06,18:04:00,"Dim","Clear",3249,-20.5,-11,"N",61,"N",NA,"Y",-30.5,7.5,82,20,58,":21",29,48,"D1","Y","Highway","Y","Went to eco mode at 52km range. The car felt cool by the  end of the trip.","1home",2019-02-06,18:27:00,-30.5,-35,"Y",14,NA,NA
"224",224,"1",1,"Y",2019-02-07,06:53:00,"Dark","Clear",3269,-35,NA,"Y",74,"N","Temp sensor is showing an error","Y",-35,3,77,17,58,":18",32.5,57,"D1","Y","Highway","Y",NA,"1college",2019-02-07,07:12:00,-35,-18,"N",10.3,NA,NA
"225",225,"1",1,"Y",2019-02-07,16:36:00,"Sunny","Clear",3287,-18,-14,"N",96,"N",NA,"Y",-22.5,18,79,17,49,":21",33.2,70,"D1","Y","Highway","Y",NA,"1home",2019-02-07,17:00:00,-22.5,-23,"Y",15.5,NA,NA
"226",226,"1",1,"Y",2019-02-08,06:42:00,"Dark","Clear",3304,-23,-22,"Y",95,"N",NA,"Y",-23,11,94,17,49,":21",28.8,87,"D1","Y","Highway","Y",NA,NA,NA,NA,NA,NA,NA,NA,NA,NA
"227",227,"1",1,"Y",2019-02-08,16:30:00,"Dim","Clear",3322,-23,-15,"N",99,"N",NA,"Y",-19,12.5,86,17,49,":21",33.4,74,"D1","Y","Highway","Y",NA,"1home",2019-02-08,16:52:00,-19,-23,"N",14.8,NA,NA
"228",228,"1",1,"Y",2019-02-09,10:38:00,"Dim","Clear",3336,-24,-24,"N",101,"N",NA,"Y",-23.5,2,72,14,64,"""13",29.3,92,"D1","Y","Highway","Y",NA,NA,NA,NA,NA,NA,NA,NA,NA,NA
"229",229,"1",1,"Y",2019-02-09,11:50:00,"Dim","Clear",3353,-23.5,-20,"N",92,"N",NA,"Y",-23.5,-2,88,0,16,":03",60.3,90,"0","Y","City","Y",NA,NA,NA,NA,NA,NA,NA,NA,NA,NA
"230",230,"1",1,"Y",2019-02-09,12:08:00,"Sunny","Clear",3354,-22.5,-2,"N",90,"N",NA,"Y",-24,16,80,14,55,":15",33.9,74,"D1","Y","Highway","Y",NA,"1home",2019-02-09,12:24:00,-24,-24.5,"Y",13.9,NA,NA
"231",231,"1",1,"Y",2019-02-11,06:48:00,"Dark","Partly covered",3368,-24.5,-24,"Y",101,"N",NA,"Y",-29.5,0,73,14,61,":13",31.2,90,"D1","Y","Highway","Y",NA,NA,NA,NA,NA,NA,NA,NA,NA,NA
"232",232,"1",1,"Y",2019-02-11,07:35:00,"Dim","Partly covered",3382,-27.5,-4,"N",89,"N",NA,"Y",-27.5,5,84,3,27,":08",54.3,83,"D1","Y","City/Highway","Y",NA,NA,NA,NA,NA,NA,NA,NA,NA,NA
"233",233,"1",1,"Y",2019-02-11,08:32:00,"Sunny","Partly covered",3386,-28,-12.5,"N",82,"N",NA,"Y",-26,4,97,3,25,":08",39.9,77,"D1","Y","City","Y",NA,NA,NA,NA,NA,NA,NA,NA,NA,NA
"234",234,"1",1,"Y",2019-02-11,09:56:00,"Sunny","Partly covered",3390,-25.5,-7,"N",78,"N",NA,"Y",-24,3,94,3,21,":08",48.8,70,"D1","Y","City","Y",NA,NA,NA,NA,NA,NA,NA,NA,NA,NA
"235",235,"1",1,"Y",2019-02-11,16:10:00,"Sunny","Partly covered",3393,-16,-8.5,"N",70,"N",NA,"Y",-22.5,18.5,73,19,60,":19",33.3,53,"D1","Y","Highway","Y",NA,NA,NA,NA,NA,NA,NA,NA,NA,NA
"236",236,"1",1,"Y",2019-02-11,17:54:00,"Dim","Partly covered",3413,-22.5,-7,"N",47,"E","When started this trip it automatically started in eco mode","Y",-28,2,82,9,59,":09",24.8,43,"D1","Y","Highway","Y",NA,"1home",2019-02-11,18:04:00,-28,-25.5,"Y",14.2,NA,NA
"237",237,"1",1,"Y",2019-02-12,06:41:00,"Dark","Partly covered",3422,-25.5,-24,"Y",72,"N",NA,"Y",-26.5,5,81,17,50,":21",32,58,"D1","Y","Highway","Y",NA,"1college",2019-02-12,07:02:00,-26.5,-18,"N",7.9,NA,NA
"238",238,"1",1,"Y",2019-02-12,14:16:00,"Dim","Partly covered",3440,18,-14,"N",88,"N",NA,"Y",-19.5,7.5,91,9,45,":12",31.7,75,"D1","Y","City/Highway","Y",NA,NA,NA,NA,NA,NA,NA,NA,NA,NA
"239",239,"1",1,"Y",2019-02-12,15:42:00,"Dim","Partly covered",3449,-19,-4,"N",70,"N",NA,"Y",-18.5,19,86,9,38,":15",34.9,59,"D1","Y","City/Highway","Y",NA,"1college",2019-02-12,15:59:00,-18.5,-18.5,"N",6.2,NA,NA
"240",240,"1",1,"Y",2019-02-12,21:37:00,"Dark","Partly covered",3459,-18.5,-23,"N",81,"N",NA,"Y",-20,8,80,17,53,":19",32.7,59,"D1","Y","Highway","Y",NA,"1home",2019-02-12,21:58:00,-20,-19.5,"Y",9.9,NA,NA
"241",241,"1",1,"Y",2019-02-13,06:43:00,"Dark","Partly covered",3476,-19.5,-14,"Y",79,"N",NA,"Y",-19,14,81,17,54,":19",29.7,64,"D1","Y","Highway","Y",NA,"1college",2019-02-13,07:03:00,-19,-17.5,"N",7.3,NA,NA
"242",242,"1",1,"Y",2019-02-13,13:49:00,"Dim","Partly covered",3493,-11.5,-5,"N",90,"N",NA,"Y",-17.5,11,92,4,29,":10",39.2,80,"D1","Y","City/Highway","Y",NA,NA,NA,NA,NA,NA,NA,NA,NA,NA
"243",243,"1",1,"Y",2019-02-13,14:19:00,"Dim","Partly covered",3498,-16,10.5,"N",72,"N",NA,"Y",-18,14.5,81,4,37,":08",33.4,67,"D1","Y","City/Highway","Y","With temperatures this cold the level 1 charger is not keeping up unless plugged in at work",NA,NA,NA,NA,NA,NA,NA,NA,NA
"244",244,"1",1,"Y",2019-02-13,15:49:00,"Dim","Partly covered",3503,-17,3.5,"N",74,"N",NA,"Y",-18,26,95,11,26,":26",37.7,57,"D1","Y","City","Y",NA,NA,NA,NA,NA,NA,NA,NA,NA,NA
"245",245,"1",1,"Y",2019-02-13,18:25:00,"Dark","Partly covered",3515,-17.5,-8,"N",53,"N",NA,"Y",-24.5,11,70,18,63,":17",31.5,33,"D1","Y","Highway","Y","Went to eco mode at 52km range. I swithched it back to nomal mode","1home",2019-02-13,18:43:00,-24.5,-29.5,"Y",13.3,NA,NA
"246",246,"1",1,"Y",2019-02-14,06:47:00,"Dark","Partly covered",3533,-29.5,-26.5,"Y",58,"N",NA,"Y",-28.5,2,83,17,55,":19",30.3,47,"D1","Y","Highway","Y","Felt cool in the car this morning could be that the drive was -33.5 for most of the drive","1college",2019-02-14,07:05:00,-28.5,-28.5,"N",0.7,NA,NA
"247",247,"1",1,"Y",2019-02-14,07:49:00,"Sunny","Partly covered",3551,-28.5,-15,"N",53,"N",NA,"Y",-27,-1,93,3,27,":08",47.6,42,"D1","Y","City","Y",NA,NA,NA,NA,NA,NA,NA,NA,NA,NA
"248",248,"1",1,"Y",2019-02-14,09:22:00,"Sunny","Partly covered",3554,-26.5,-9.5,"N",46,"N",NA,"Y",-26.5,-5.5,88,2,27,":05",42.6,40,"D1","Y","City","Y","I have been switching eco mode off when it switches back to nomal all the time now","1college",2019-02-14,09:29:00,-26.5,-26,"N",2.1,NA,NA
"249",249,"1",1,"Y",2019-02-14,11:23:00,"Sunny","Partly covered",3556,-26,-2.5,"N",57,"N",NA,"Y",-17.5,5.5,86,3,31,":06",42.6,42,"D1","Y","City","Y","Drastic change in the car displayed data during this trip???","3station",2019-02-14,11:30:00,-17.5,-16.5,"N",3.8,NA,"See power consumption report emailed from VW"
"250",250,"1",1,"Y",2019-02-14,11:53:00,"Sunny","Partly covered",3560,-16.5,4,"N",54,"N",NA,"Y",-17,16.5,95,3,23,":08",42,51,"D1","Y","City","Y",NA,NA,NA,NA,NA,NA,NA,NA,NA,NA
"251",251,"1",1,"Y",2019-02-14,13:19:00,"Sunny","Partly covered",3563,-15,10,"N",54,"N",NA,"Y",-17,21,82,5,37,":08",34.2,46,"D1","Y","City/Highway","Y",NA,"1college",2019-02-14,13:29:00,-17,-15.5,"N",3,NA,NA
"252",252,"1",1,"Y",2019-02-14,16:14:00,"Dark","Partly covered",3568,-15.5,0.5,"N",57,"N",NA,"Y",-17,16,97,4,18,":16",46.2,42,"D1","Y","City","Y",NA,NA,NA,NA,NA,NA,NA,NA,NA,NA
"253",253,"1",1,"Y",2019-02-14,16:39:00,"Dark","Partly covered",3573,-15,8,"N",42,"N",NA,"Y",-20,20,80,15,43,":21",29.9,28,"D1","Y","Highway","Y",NA,"1home",2019-02-14,16:56:00,-20,-23,"Y",15.3,NA,NA
"254",254,"1",1,"Y",2019-02-15,06:45:00,"Dark","Partly covered",3589,-23,-19,"Y",62,"N",NA,"Y",-22.5,13,87,17,59,":17",28,51,"D1","Y","Highway","Y",NA,"1college",2019-02-15,07:04:00,-22.5,-11,"Y",11.1,NA,NA
"255",255,"1",1,"Y",2019-02-15,17:11:00,"Dim","Snowy",3606,-11,-5.5,"Y",93,"N",NA,"Y",-15,7,90,17,46,":22",27.1,74,"D1","Y","Highway","Y",NA,"1home",2019-02-15,17:38:00,-15,-20.5,"N",17,NA,NA
"256",256,"1",1,"Y",2019-02-17,10:51:00,"Sunny","Snowy",3624,-20.5,-21,"N",106,"N",NA,"Y",-20,5,76,15,55,":16",30.9,92,"D1","Y","Highway","Y",NA,NA,NA,NA,NA,NA,NA,NA,NA,NA
"257",257,"1",1,"Y",2019-02-17,12:29:00,"Sunny","Snowy",3639,-16,4.5,"N",101,"N",NA,"Y",-17.5,20.5,82,15,47,":19",34,73,"D1","Y","Highway","Y",NA,"1home",2019-02-17,12:53:00,-17.5,-17,"N",14.2,NA,NA
"258",258,"1",1,"Y",2019-02-19,06:41:00,"Dim","Partly covered",3654,-17,-26,"N",111,"N",NA,"Y",-16.5,9,85,17,56,":18",28.5,97,"D1","Y","Highway","Y",NA,"1college",2019-02-19,07:00:00,-16.5,-9.5,"Y",7.4,NA,NA
"259",259,"1",1,"Y",2019-02-19,17:20:00,"Sunny","Partly covered",3672,-9.5,2,"N",123,"N",NA,"Y",-12,16.5,81,17,54,":19",24.7,113,"D1","Y","Highway","Y",NA,"1home",2019-02-19,17:50:00,-12,-29.5,"N",6.8,NA,NA
"260",260,"1",1,"Y",2019-02-25,06:30:00,"Dark","Partly covered",3689,-29.5,-31.5,"N",104,"N",NA,"Y",-31.5,7,86,17,43,":24",35.4,85,"D1","Y","Highway","Y","Most of the trip the outside gauge -35","1college",2019-02-25,06:55:00,-31.5,-30.5,"N",0.1,NA,NA
"261",261,"1",1,"Y",2019-02-25,08:07:00,"Sunny","Partly covered",3706,-30.5,-13.5,"N",89,"N",NA,"Y",-30.5,-6,90,3,21,":10",47.6,80,"D1","Y","Highway","Y",NA,NA,NA,NA,NA,NA,NA,NA,NA,NA
"262",262,"1",1,"Y",2019-02-25,09:17:00,"Sunny","Partly covered",3710,-30,-11,"N",80,"N",NA,"Y",-29,4.5,82,3,22,":09",55.3,71,"D1","Y","City","Y",NA,"1college",2019-02-25,09:28:00,-29,-28.5,"Y",7.4,NA,NA
"263",263,"1",1,"Y",2019-02-25,16:15:00,"Dim","Partly covered",3714,-19.5,-5,"Y",98,"N",NA,"Y",-23.5,19,83,20,34,":35",35.9,67,"D1","Y","City/Highway","Y",NA,"1home",2019-02-25,16:55:00,-23,-23.5,"Y",15.4,NA,NA
"264",264,"1",1,"Y",2019-02-26,06:51:00,"Dim","Snowy",3734,-23,-14.6,"Y",100,"N",NA,"Y",-23,5,78,17,50,":21",31.7,85,"D1","Y","Highway","Y",NA,"1college",2019-02-26,07:14:00,-23,-19.5,"Y",9.5,NA,NA
"265",265,"1",1,"Y",2019-02-26,16:18:00,"Sunny","Partly covered",3752,-19.5,-5.5,"Y",106,"N",NA,"Y",-21.5,15.5,84,17,41,":25",34,88,"D1","Y","Highway","Y",NA,"1home",2019-02-26,16:43:00,-21.5,-22.5,"Y",8.5,NA,NA
"266",266,"1",1,"Y",2019-02-27,06:35:00,"Dim","Partly covered",3769,-22.5,-12,"Y",107,"N",NA,"Y",-23.5,5,86,17,48,":22",30.1,92,"D1","Y","Highway","Y",NA,"1college",2019-02-27,06:59:00,-23.5,-9.5,"N",4.7,NA,NA
"267",267,"1",1,"Y",2019-02-27,14:40:00,"Sunny","Partly covered",3787,-9.5,6,"N",125,"N","Driving to install computer and sensors for the IT program","Y",-9.5,5,96,0,11,":03",45.1,122,"D1","Y","City","Y","From now on will be using the IT inside temp sensor and continue with Vehicle outside sensor",NA,NA,NA,NA,NA,NA,NA,NA,NA
"268",268,"1",1,"Y",2019-02-27,16:23:00,"Sunny","Partly covered",3787,1.5,15.5,"N",126,"N","Was in the shop to install outside temp, inside temp and humidity and gps","Y",-13.5,19,84,17,38,":27",24.8,104,"D1","Y","Highway","Y","Outside temp- underhood by 12v battery, Inside temp and humidity grab handle above dr door","1home",2019-02-27,16:41:00,-13,-12.5,"Y",NA,NA,"Power glitch causing no recording of power consumption"
"269",269,"1",1,"Y",2019-02-28,06:58:00,"Dim","Clear",3805,-12.5,6,"Y",126,"N",NA,"Y",-14.5,11.5,82,17,58,":18",25,108,"D1","Y","Highway","Y",NA,NA,NA,NA,NA,NA,NA,NA,NA,NA
"270",270,"1",1,"Y",2019-02-28,16:05:00,"Dim","Clear",3822,-5.5,11,"N",113,"N",NA,"Y",-8,17.5,78,17,55,":19",21.7,104,"D1","Y","Highway","Y",NA,"1home",2019-02-28,16:27:00,-8,-12,"Y",11.3,NA,NA
"271",271,"1",1,"Y",2019-03-01,06:45:00,"Dim","Clear",3840,-12,5,"Y",132,"N",NA,"Y",-14.5,12,84,17,46,":22",27.3,107,"D1","Y","Highway","Y",NA,NA,NA,NA,NA,NA,NA,NA,NA,NA
"272",272,"1",1,"Y",2019-03-01,16:25:00,"Dim","Clear",3857,-15.5,-6,"N",100,"N",NA,"Y",-22.5,16.5,78,21,34,":38",38.3,60,"0","Y","City/Highway","Y","includes waiting in drive though","1home",2019-03-01,17:05:00,-22.5,-26.5,"Y",8.2,NA,NA
"273",273,"1",1,"Y",2019-03-04,06:50:00,"Dim","Clear",3879,-26.5,-20,"Y",103,"N",NA,"Y",-26.55,2.5,80,17,56,":18",30.2,90,"D1","Y","Highway","Y",NA,NA,NA,NA,NA,NA,NA,NA,NA,NA
"274",274,"1",1,"Y",2019-03-04,08:28:00,"Sunny","Clear",3897,-26.5,-8,"N",90,"N",NA,"Y",-24.5,7,76,17,60,":17",33.6,67,"D1","Y","Highway","Y",NA,NA,NA,NA,NA,NA,NA,NA,NA,NA
"275",275,"1",1,"Y",2019-03-04,09:10:00,"Sunny","Clear",3914,-24,2.5,"N",67,"N",NA,"Y",-23,13,78,17,63,":16",27.6,55,"D1","Y","Highway","Y",NA,"1college",2019-03-04,09:27:00,-23,-4,"N",6.3,NA,NA
"276",276,"1",1,"Y",2019-03-04,15:10:00,"Sunny","Clear",3931,-4,21,"N",88,"N",NA,"Y",-11,21,88,3,26,":07",25.2,81,"D1","Y","Highway","Y",NA,NA,NA,NA,NA,NA,NA,NA,NA,NA
"277",277,"1",1,"Y",2019-03-04,16:37:00,"Sunny","Clear",3935,-10.5,3,"N",84,"N",NA,"Y",-14,14,79,14,53,":16",25.1,76,"D1","Y","Highway","Y",NA,"2home",2019-03-04,18:45:00,-13.5,NA,"N",4.8,NA,"Breaker blew to new charger (first charge)"
"278",278,"1",1,"Y",2019-03-05,06:38:00,"Dim","Clear",3949,-22.5,-22.5,"N",74,"N",NA,"Y",-21,6.5,80,17,48,":22",31.5,52,"D1","Y","Highway","Y",NA,"1college",2019-03-05,07:01:00,-21,-12,"N",0.5,NA,NA
"279",279,"1",1,"Y",2019-03-05,10:43:00,"Sunny","Clear",3967,-12.5,16,"N",59,"N",NA,"Y",-16,19,77,17,60,":17",26.2,41,"D1","Y","Highway","Y","Turned Eco mode off","2home",2019-03-05,11:15:00,-16,5,"N",21.8,NA,"plug in time?, the charger was being tested at this point. No problems with the charger, problems with internet devices (returned)"
"280",280,"1",1,"Y",2019-03-05,14:30:00,"Sunny","Clear",3984,5,29,"N",130,"N",NA,"Y",-11,24,71,17,52,":20",15.5,127,"D1","Y","Highway","Y",NA,NA,NA,NA,NA,NA,NA,NA,NA,NA
"281",281,"1",1,"Y",2019-03-05,16:55:00,"Sunny","Clear",4001,-10.5,5,"N",128,"N",NA,"Y",-14.5,16,80,17,58,":18",22.9,109,"D1","Y","Highway","Y",NA,"2home",2019-03-05,17:14:00,-14.5,-18.5,"Y",12.5,NA,NA
"282",282,"1",1,"Y",2019-03-06,06:51:00,"Dim","Clear",4019,-18.5,8.5,"Y",130,"N","amazing warm inside, this is the first departure with the level 2 charger (Big difference, amazing)","Y",-24.5,14.5,78,17,59,":17",27.9,106,"D1","Y","Highway","Y",NA,NA,NA,NA,NA,NA,NA,NA,NA,NA
"283",283,"1",1,"Y",2019-03-06,08:47:00,"Sunny","Clear",4036,-22,-1,"N",101,"N",NA,"Y",-21,7,95,3,30,":07",34.1,95,"D1","Y","City","Y",NA,NA,NA,NA,NA,NA,NA,NA,NA,NA
"284",284,"1",1,"Y",2019-03-06,09:53:00,"Sunny","Clear",4040,-20.5,-1,"N",95,"N",NA,"Y",-20,9,81,3,23,":09",46.7,84,"D1","Y","City","Y",NA,NA,NA,NA,NA,NA,NA,NA,NA,NA
"285",285,"1",1,"Y",2019-03-06,14:46:00,"Sunny","Clear",4043,-7.5,25,"N",104,"N",NA,"Y",-14.5,24,70,17,59,":17",22.2,89,"D1","Y","Highway","Y",NA,"2home",2019-03-06,15:03:00,-14.5,-14,"N",4.1,NA,NA
"286",286,"1",1,"Y",2019-03-06,15:40:00,"Sunny","Clear",4061,-14,16.5,"N",99,"N",NA,"Y",-13.5,18.5,76,14,61,":14",19,96,"D1","Y","Highway","Y",NA,NA,NA,NA,NA,NA,NA,NA,NA,NA
"287",287,"1",1,"Y",2019-03-06,16:12:00,"Sunny","Clear",4075,-13.5,13.5,"N",96,"N",NA,"Y",-14,16.5,86,4,30,":08",23.3,92,"D1","Y","City/Highway","Y",NA,NA,NA,NA,NA,NA,NA,NA,NA,NA
"288",288,"1",1,"Y",2019-03-06,16:39:00,"Dim","Clear",4080,-12.5,12,"N",91,"N",NA,"Y",-13.5,16,84,5,29,":10",27.7,83,"D1","Y","City/Highway","Y",NA,NA,NA,NA,NA,NA,NA,NA,NA,NA
"289",289,"1",1,"Y",2019-03-06,17:40:00,"Dim","Clear",4085,-12.45,6,"N",81,"N",NA,"Y",-13,8,91,1,18,":05",45.7,76,"D1","Y","City","Y",NA,NA,NA,NA,NA,NA,NA,NA,NA,NA
"290",290,"1",1,"Y",2019-03-06,18:23:00,"Dim","Clear",4086,-13,4,"N",75,"N",NA,"Y",-16,15,74,18,63,":17",24.8,52,"D1","Y","Highway","Y",NA,"2home",2019-03-06,18:41:00,-16,-18,"N",23.1,NA,NA
"291",291,"1",1,"Y",2019-03-07,06:30:00,"Dim","Clear",4105,-18,-6,"Y",126,"N","Left before departure was done","Y",-16.5,12,83,17,55,":18",25.7,111,"D1","Y","Highway","Y",NA,NA,NA,NA,NA,NA,NA,NA,NA,NA
"292",292,"1",1,"Y",2019-03-07,07:36:00,"Dim","Clear",4122,-15,-2.5,"N",115,"N",NA,"Y",-16,2,77,2,39,":04",34.7,108,"D1","Y","Highway","Y",NA,NA,NA,NA,NA,NA,NA,NA,NA,NA
"293",293,"1",1,"Y",2019-03-07,07:52:00,"Dim","Clear",4125,5,4,"N",107,"N","Inside carwash (leaving)","Y",-6.5,5,79,0,6,":04",94.8,105,"0","Y","City","Y","Dropped car off for decals",NA,NA,NA,NA,NA,NA,NA,NA,NA
"294",294,"1",1,"Y",2019-03-08,20:21:00,"Dark","Clear",4126,-5,0.5,"N",116,"N",NA,"Y",-9.5,14,69,14,59,":14",25,100,"D1","Y","Highway","Y","Picked car up from decal install (unknown Drive cycle inbetween last and this trip)","2home",2019-03-08,20:38:00,-9.5,-7,"N",10.7,NA,NA
"295",295,"1",1,"Y",2019-03-11,06:34:00,"Dark","Clear",4140,-7,-7.5,"N",137,"N","Left before departure started","Y",-4.5,13.5,82,17,47,":22",20.9,131,"D1","Y","Highway","Y",NA,NA,NA,NA,NA,NA,NA,NA,NA,NA
"296",296,"1",1,"Y",2019-03-11,08:48:00,"Dim","Clear",4158,-3.5,0,"N",133,"N",NA,"Y",-2,11.5,90,6,29,":13",23.5,125,"D1","Y","City/Highway","Y",NA,NA,NA,NA,NA,NA,NA,NA,NA,NA
"297",297,"1",1,"Y",2019-03-11,17:14:00,"Sunny","Clear",4164,4,15,"N",128,"N",NA,"Y",2,21,78,17,57,":18",20.4,114,"D1","Y","Highway","Y",NA,"2home",2019-03-11,17:33:00,2,1,"N",10.5,NA,NA
"298",298,"1",1,"Y",2019-03-12,06:23:00,"Dark","Clear",4182,1,1,"N",158,"N",NA,"Y",1,15,77,17,58,":18",15.7,159,"D1","Y","Highway","Y",NA,NA,NA,NA,NA,NA,NA,NA,NA,NA
"299",299,"1",1,"Y",2019-03-12,07:29:00,"Dim","Clear",4199,1,6.5,"N",159,"N",NA,"Y",1,13,92,4,26,":09",19.4,154,"D1","Y","City","Y",NA,NA,NA,NA,NA,NA,NA,NA,NA,NA
"300",300,"1",2,"Y",2019-03-12,08:56:00,"Dim","Clear",4204,1,6,"N",154,"N","2 passengers not for the whole trip","Y",1,19.5,74,19,41,":27",17.5,143,"D1","Y","City/Highway","Y",NA,NA,NA,NA,NA,NA,NA,NA,NA,NA
"301",301,"1",2,"Y",2019-03-12,09:44:00,"Dim","Clear",4223,2.5,14,"N",143,"N","2 passengers not for the whole trip","Y",3,21,88,17,40,":25",15,137,"D1","Y","City/Highway",NA,NA,NA,NA,NA,NA,NA,NA,NA,NA,NA
"302",302,"1",1,"Y",2019-03-12,10:16:00,"Dim","Clear",4240,3,198,"N",137,"N",NA,"Y",2.5,20,89,21,35,":37",15.2,135,"D1","Y","City/Highway","Y","Trip was not reset so this is combined data from the last trip",NA,NA,NA,NA,NA,NA,NA,NA,NA
"303",303,"1",1,"Y",2019-03-12,16:29:00,"Dim","Clear",4244,6,17.5,"N",138,"N",NA,"Y",2.5,19.5,89,3,27,":07",18.1,133,"D1","Y","City/Highway","Y",NA,NA,NA,NA,NA,NA,NA,NA,NA,NA
"304",304,"1",1,"Y",2019-03-12,17:06:00,"Sunny","Clear",4247,3.5,17,"N",131,"N",NA,"Y",1,21,79,14,56,":15",17.8,113,"D1","Y","Highway","Y",NA,"2home",2019-03-12,17:22:00,1,-3.5,"Y",16.4,NA,NA
"305",305,"1",1,"Y",2019-03-13,06:55:00,"Dark","Clear",4262,-3.5,16,"Y",187,"N",NA,"Y",-2,18,79,19,56,":21",15.6,177,"D1","Y","City/Highway","Y",NA,NA,NA,NA,NA,NA,NA,NA,NA,NA
"306",306,"1",1,"Y",2019-03-13,07:35:00,"Dim","Clear",4282,-2,11.5,"N",179,"N",NA,"Y",-2,14,89,1,14,":05",25.4,175,"D1","Y","City","Y",NA,NA,NA,NA,NA,NA,NA,NA,NA,NA
"307",307,"1",1,"Y",2019-03-13,07:59:00,"Sunny","Clear",4283,-2.5,10.5,"N",174,"N",NA,"Y",-2.5,14,90,3,28,":07",18.8,169,"D1","Y","City","Y",NA,NA,NA,NA,NA,NA,NA,NA,NA,NA
"308",308,"1",1,"Y",2019-03-13,08:13:00,"Sunny","Clear",4286,-2.5,13,"N",169,"N",NA,"Y",-3,14,97,1,15,":04",22.9,167,"D1","Y","City","Y",NA,NA,NA,NA,NA,NA,NA,NA,NA,NA
"309",309,"1",1,"Y",2019-03-13,08:24:00,"Dim","Clear",4287,-2.5,13.5,"N",167,"N",NA,"Y",-3.5,18.5,90,3,14,":15",24.6,159,"D1","Y","City","Y",NA,NA,NA,NA,NA,NA,NA,NA,NA,NA
"310",310,"1",1,"Y",2019-03-13,09:14:00,"Dim","Clear",4291,-2,10.5,"N",159,"N",NA,"Y",-2,11,99,0,11,":02",37.9,157,"D1","Y","City","Y",NA,NA,NA,NA,NA,NA,NA,NA,NA,NA
"311",311,"1",1,"Y",2019-03-13,13:57:00,"Sunny","Clear",4291,6.5,27.5,"N",164,"N",NA,"Y",2,26,87,4,29,":09",12.5,165,"D1","Y","City","Y",NA,NA,NA,NA,NA,NA,NA,NA,NA,NA
"312",312,"1",1,"Y",2019-03-13,14:20:00,"Sunny","Clear",4296,3,26,"N",162,"N",NA,"Y",2,15.5,85,3,24,":09",19.2,168,"D1","N","City","Y",NA,NA,NA,NA,NA,NA,NA,NA,NA,NA
"313",313,"1",1,"Y",2019-03-13,16:08:00,"Sunny","Clear",4300,6.5,24.5,"N",168,"N",NA,"Y",3,20.5,93,3,20,":09",11,168,"D1","N","City","Y","windows down",NA,NA,NA,NA,NA,NA,NA,NA,NA
"314",314,"1",1,"Y",2019-03-13,17:02:00,"Sunny","Clear",4303,3,14.5,"N",169,"N",NA,"Y",2.5,16,86,2,23,":07",24.9,158,"D1","N","City","Y","windows down",NA,NA,NA,NA,NA,NA,NA,NA,NA
"315",315,"1",1,"Y",2019-03-13,17:38:00,"Sunny","Clear",4306,2.5,12,"N",158,"N",NA,"Y",0,17.5,77,19,54,":22",17.8,149,"D1","Y","Highway","Y",NA,NA,NA,NA,NA,NA,NA,NA,NA,NA
"316",316,"1",1,"Y",2019-03-13,06:50:00,"Dark","Clear",4326,-11.5,13,"Y",168,"N",NA,"Y",-9.5,16,77,17,61,":17",18.3,156,"D1","N","Highway","Y",NA,NA,NA,NA,NA,NA,NA,NA,NA,NA
"317",317,"1",1,"Y",2019-03-13,12:52:00,"Sunny","Clear",4343,0.5,29.5,"N",170,"N",NA,"Y",-1.5,29,95,2,24,":05",18.3,180,"D1","N","City","Y",NA,"2home",2019-03-13,22:02:00,0,-11.5,"Y",14.9,NA,NA
"318",318,"1",2,"Y",2019-03-15,22:25:00,"Dark","Clear",4345,0,0,"N",180,"N",NA,"Y",0,8,84,5,33,":09",23.1,152,"D1","Y","City","Y",NA,NA,NA,NA,NA,NA,NA,NA,NA,NA
"319",319,"1",1,"Y",2019-03-16,14:49:00,"Sunny","Clear",4350,5,27.5,"Y",154,"N",NA,"Y",4,26,82,19,50,":23",17.6,138,"D1","Y","City","Y",NA,"2home",2019-03-16,15:39:00,6,0,"Y",10.8,NA,NA
"320",320,"1",2,"Y",2019-03-18,06:45:00,"Dim","Clear",4370,0,13,"N",184,"N",NA,"Y",-1.5,19,81,23,52,":26",16.3,171,"D1","Y","Highway","Y",NA,NA,NA,NA,NA,NA,NA,NA,NA,NA
"321",321,"1",1,"Y",2019-03-18,08:47:00,"Sunny","Clear",4393,-1,7,"N",171,"N",NA,"Y",0.5,15,87,4,26,":10",21.9,160,"D1","Y","City","Y",NA,NA,NA,NA,NA,NA,NA,NA,NA,NA
"322",322,"1",1,"Y",2019-03-18,10:06:00,"Sunny","Clear",4398,1.5,11.5,"N",162,"N",NA,"Y",2.5,17.5,90,4,26,":10",17,160,"D1","Y","City","Y",NA,NA,NA,NA,NA,NA,NA,NA,NA,NA
"323",323,"1",2,"Y",2019-03-18,12:55:00,"Sunny","Clear",4402,12.5,36.5,"N",165,"N",NA,"Y",9,19,87,16,31,":31",13.4,164,"D1","N","City","Y",NA,NA,NA,NA,NA,NA,NA,NA,NA,NA
"324",324,"1",1,"Y",2019-03-18,13:31:00,"Sunny","Clear",4418,10.5,22,"N",165,"N",NA,"Y",8,21.5,86,4,34,":07",12.8,163,"D1","N","City","Y",NA,NA,NA,NA,NA,NA,NA,NA,NA,NA
"325",325,"1",1,"Y",2019-03-18,15:47:00,"Sunny","Clear",4423,16,34,"N",164,"N",NA,"Y",9.5,23,92,4,30,":09",10.9,165,"D1","N","City","Y",NA,NA,NA,NA,NA,NA,NA,NA,NA,NA
"326",326,"1",2,"Y",2019-03-18,16:05:00,"Sunny","Clear",4427,9.5,24.5,"N",165,"N",NA,"Y",9.5,26.5,86,2,13,":13",12.1,165,"D1","N","City","Y",NA,NA,NA,NA,NA,NA,NA,NA,NA,NA
"327",327,"1",2,"Y",2019-03-18,16:39:00,"Sunny","Clear",4430,9.5,23.5,"N",165,"N",NA,"Y",7.5,26,83,25,39,":38",16.2,127,"D1","N","City/Highway","Y",NA,"2home",2019-03-18,17:23:00,7.5,-1,"Y",16.3,NA,NA
"328",328,"1",1,"Y",2019-03-19,06:52:00,"Dim","Clear",4455,-1,15.5,"Y",199,"N",NA,"Y",-0.5,18,76,14,61,":14",15.3,191,"D1","Y","Highway","Y","car wash",NA,NA,NA,NA,NA,NA,NA,NA,NA
"329",329,"1",1,"Y",2019-03-19,07:13:00,"Dim","Clear",4470,12.5,15.5,"N",193,"N","Inside carwash (leaving)","Y",-1,18.5,78,5,40,":07",20.3,180,"D1","Y","City/Highway","Y",NA,NA,NA,NA,NA,NA,NA,NA,NA,NA
"330",330,"1",1,"Y",2019-03-19,07:30:00,"Dim","Clear",4475,0,15.5,"N",179,"N",NA,"Y",-1,17,91,3,35,":06",14.5,178,"D1","Y","City/Highway","Y",NA,NA,NA,NA,NA,NA,NA,NA,NA,NA
"331",331,"1",1,"Y",2019-03-19,18:09:00,"Sunny","Clear",4479,12.5,23.5,"N",187,"N",NA,"Y",9.5,23.5,79,17,57,":18",16.3,170,"D1","N","Highway","Y",NA,"2home",2019-03-19,18:28:00,9.5,0.5,"Y",8.7,NA,NA
"332",332,"1",1,"Y",2019-03-20,06:44:00,"Dark","Clear",4496,0.5,13.5,"N",199,"N",NA,"Y",-1.5,16,80,17,47,":22",15.8,186,"D1","Y","Highway","Y",NA,NA,NA,NA,NA,NA,NA,NA,NA,NA
"333",333,"1",1,"Y",2019-03-20,09:21:00,"Sunny","Clear",4514,2.5,16.5,"N",191,"N",NA,"Y",2.5,19,90,3,25,":09",11.9,191,"D1","Y","City","Y",NA,NA,NA,NA,NA,NA,NA,NA,NA,NA
"334",334,"1",1,"Y",2019-03-20,10:21:00,"Sunny","Clear",4517,9.5,24.5,"N",193,"N",NA,"Y",5.5,24.5,93,3,22,":10",18.8,193,"D2","N","City","Y",NA,NA,NA,NA,NA,NA,NA,NA,NA,NA
"335",335,"1",2,"Y",2019-03-20,13:06:00,"Sunny","Clear",4521,16.5,NA,"N",193,"N","hot in the car no computer data","Y",14.5,NA,94,1,14,":07",15.6,192,"D2","N","City","Y","Hot inside no temp data",NA,NA,NA,NA,NA,NA,NA,NA,NA
"336",336,"1",1,"Y",2019-03-20,16:24:00,"Sunny","Clear",4523,19.5,43,"N",192,"N",NA,"Y",16,29.5,80,17,53,":20",15.7,167,"0","Y","Highway","Y",NA,"2home",2019-03-20,18:50:00,16,0,"Y",9.3,NA,NA
"337",337,"1",1,"Y",2019-03-21,06:53:00,"Dim","Clear",4546,0,16.5,"N",218,"N",NA,"Y",-1.5,13,75,14,63,":13",14.1,209,"D2","N","Highway","Y","wash",NA,NA,NA,NA,NA,NA,NA,NA,NA
"338",338,"1",1,"Y",2019-03-21,07:13:00,"Dim","Clear",4555,11,11.5,"N",209,"N","Inside carwash (leaving)","Y",-2,15.5,92,4,16,":18",19.2,184,"D2","Y","City/Highway","Y","Demo ride some of trip had 2 passengers",NA,NA,NA,NA,NA,NA,NA,NA,NA
"339",339,"1",1,"Y",2019-03-21,11:18:00,"Sunny","Clear",4560,15,37.5,"N",201,"N",NA,"Y",8.5,37,94,2,29,":05",15.1,197,"D2","N","City","Y",NA,NA,NA,NA,NA,NA,NA,NA,NA,NA
"340",340,"1",1,"Y",2019-03-21,11:38:00,"Sunny","Clear",4562,9,36.5,"N",197,"N",NA,"Y",9,34.5,92,4,21,":11",9,203,"D2","N","City","Y",NA,NA,NA,NA,NA,NA,NA,NA,NA,NA
"341",341,"1",1,"Y",2019-03-21,11:54:00,"Sunny","Clear",4566,9,33,"N",203,"N",NA,"Y",9.5,31.5,91,4,29,":08",15.7,196,"D2","N","City","Y",NA,NA,NA,NA,NA,NA,NA,NA,NA,NA
"342",342,"1",1,"Y",2019-03-21,01:16:00,"Sunny","Clear",4570,14.5,NA,"N",197,"N","hot in the car no computer data Media prep and pics","Y",15.5,NA,93,1,11,":07",16.8,195,"0","N","City","Y","Hot inside no temp data",NA,NA,NA,NA,NA,NA,NA,NA,NA
"343",343,"3",1,"Y",2019-03-21,16:17:00,"Sunny","Clear",4572,23.5,40.5,"N",196,"N",NA,NA,18,23,85,11,21,":44",13,187,NA,"N","City",NA,NA,NA,NA,NA,NA,NA,NA,NA,NA,NA
"344",344,"3",1,NA,2019-03-22,08:30:00,"Sunny","Clear",NA,3,3,NA,100,"N",NA,NA,1,12,63,23,22,":39",21.1,140,"D3","Y","City/Highway",NA,NA,NA,NA,NA,NA,NA,NA,NA,NA,NA
"345",345,"3",1,NA,2019-03-22,14:25:00,"Sunny","Clear",4606,22,41,NA,142,"N",NA,NA,18,27,91,4.3,18,":15",13.8,139,"B","N","City","N",NA,NA,NA,NA,NA,NA,NA,NA,NA,NA
"346",346,"3",4,NA,2019-03-23,10:00:00,"Sunny","Clear",4612,2,2,"N",136,"N",NA,NA,NA,NA,68,7.5,NA,NA,NA,NA,"B","N",NA,NA,NA,NA,NA,NA,NA,NA,NA,NA,NA,NA
"347",347,"3",4,NA,2019-03-23,11:30:00,"Sunny","Clear",4620,6.5,10,NA,NA,"N",NA,NA,7.5,NA,65,7.3,38,":23",19.9,103,NA,NA,"City/Highway","N",NA,"1home",2019-03-24,13:30:00,-1,1,"Y",21.8,NA,"Plugged in at driver 3 residence      Departure was set way earlier then leave time"
"348",348,"3",1,NA,2019-03-25,08:00:00,"Dim","Clear",4629,2.5,4,"N",174,"N",NA,NA,1.5,22,98,4,23,":12",25.3,161,"B","Y","City","N",NA,NA,NA,NA,NA,NA,NA,NA,NA,NA
"349",349,"1",1,"Y",2019-03-25,16:00:00,"Sunny","Clear",4634,11.5,NA,"N",169,"N","Warm inside car, surface was dead","Y",11,28,85,18,42,":27",15.9,164,"D2","Y","City/Highway","Y",NA,"2home",2019-03-25,16:35:00,11,5,"Y",5.7,NA,NA
"350",350,"1",1,"Y",2019-03-26,06:47:00,"Dim","Clear",4653,5,14,"Y",186,"N",NA,"Y",2,22,76,17,56,":18",14.8,182,"D2","Y","Highway","Y",NA,NA,NA,NA,NA,NA,NA,NA,NA,NA
"351",351,"1",1,"Y",2019-03-26,11:00:00,"Dim","Clear",4670,7.5,16,"N",185,"N",NA,"Y",10.5,22,93,4,23,":12",11.2,188,"D2","Y","City","Y",NA,NA,NA,NA,NA,NA,NA,NA,NA,NA
"352",352,"1",1,"Y",2019-03-26,11:39:00,"Dim","Clear",4675,10.5,19,"N",188,"N",NA,"Y",10.5,22,95,4,32,":07",17,183,"D2","Y","City","Y",NA,NA,NA,NA,NA,NA,NA,NA,NA,NA
"353",353,"1",1,"Y",2019-03-26,16:47:00,"Sunny","Clear",4679,18,31.5,"N",186,"N",NA,"Y",14,27,79,17,52,":20",17.5,158,"D2","Y","Highway","Y",NA,NA,NA,NA,NA,NA,NA,NA,NA,NA
"354",354,"1",1,"Y",2019-03-27,06:53:00,"Dim","Clear",4697,1.5,1.5,"N",152,"N",NA,"Y",1.5,20.5,72,14,63,":13",16.5,139,"D3","Y","Highway","Y","car wash",NA,NA,NA,NA,NA,NA,NA,NA,NA
"355",355,"1",1,"Y",2019-03-27,07:22:00,"Dim","Clear",4711,13,13,"N",140,"N","In car wash, noticed slight scratch on hood","Y",1.5,18.5,84,3,30,":06",18.9,135,"D3","Y","Highway","Y",NA,NA,NA,NA,NA,NA,NA,NA,NA,NA
"356",356,"1",1,"Y",2019-03-27,15:03:00,"Dim","Clear",4714,5.5,15.5,"N",136,"N",NA,"Y",6,22.5,82,17,52,":20",17.7,114,"D3","Y","Highway","Y",NA,"2home",2019-03-27,15:24:00,6,-4.5,"Y",16.3,NA,"1.3kwh for departure"
"357",357,"1",1,"Y",2019-03-28,06:48:00,"Dim","Clear",4732,-4.5,10.5,"Y",183,"N",NA,"Y",-5,15,80,17,57,":18",17.5,168,"D3","Y","Highway","Y",NA,NA,NA,NA,NA,NA,NA,NA,NA,NA
"358",358,"1",2,"Y",2019-03-28,12:43:00,"Sunny","Clear",4749,11,37,"N",178,"N","Demo","Y",7,25,86,20,22,":04",12.8,180,"D3","N","City/Highway","Y","demo ride and wash",NA,NA,NA,NA,NA,NA,NA,NA,NA
"359",359,"1",1,"Y",2019-03-28,13:59:00,"Sunny","Clear",4770,7,25.5,"N",181,"N","In car wash","Y",4.5,25,84,3,30,":07",14.4,177,"D3","N","Highway","Y",NA,NA,NA,NA,NA,NA,NA,NA,NA,NA
"360",360,"1",2,"Y",2019-03-28,14:21:00,"Sunny","Clear",4773,5,21,"N",177,"N","Media and demo","Y",8,16.5,86,3,11,":17",15.2,176,"0","N","City","Y","Media and demo",NA,NA,NA,NA,NA,NA,NA,NA,NA
"361",361,"1",1,"Y",2019-03-28,17:24:00,"Sunny","Clear",4776,10,24.5,"N",176,"N",NA,"Y",9,24.5,82,3,37,":06",15.8,170,"D3","N","Highway","Y",NA,NA,NA,NA,NA,NA,NA,NA,NA,NA
"362",362,"1",1,"Y",2019-03-28,17:34:00,"Sunny","Clear",4780,8.5,24,"N",170,"N",NA,"Y",7.5,24.5,79,14,61,":14",16.8,147,"D3","N","Highway","Y",NA,NA,NA,NA,NA,NA,NA,NA,NA,NA
"363",363,"1",1,"Y",2019-03-29,06:53:00,"Dim","Clear",4795,0,-1.5,"N",148,"N",NA,"Y",-1.5,3,78,17,59,":17",13.9,137,"D3","N","Highway","Y",NA,"1college",2019-03-29,07:12:00,-1.5,10.5,"N",3.1,NA,NA
"364",364,"1",2,"Y",2019-03-29,10:02:00,"Sunny","Clear",4812,10.5,23.5,"N",152,"N",NA,"Y",5.5,24.5,87,12,34,":22",12.2,149,"D3","N","City/Highway","Y",NA,NA,NA,NA,NA,NA,NA,NA,NA,NA
"365",365,"1",2,"Y",2019-03-29,12:21:00,"Sunny","Clear",4825,15,27.5,"N",149,"N",NA,"Y",12.5,27.5,91,12,24,":30",14.5,135,"D3","N","City/Highway","Y",NA,"1college",2019-03-29,12:53:00,12.5,20.5,"N",1.9,NA,NA
"366",366,"1",4,"Y",2019-03-29,14:45:00,"Sunny","Clear",4837,20.5,35,"N",145,"N",NA,"Y",11.5,29,96,3,14,":16",14,142,"D1","N","City","Y",NA,NA,NA,NA,NA,NA,NA,NA,NA,NA
"367",367,"6",1,"Y",2019-03-29,15:32:00,"Sunny","Clear",4841,20,28.5,"N",142,"N","Operator training","Y",13.5,24,92,0,6,":04",18,141,"D1","N","City","Y",NA,NA,NA,NA,NA,NA,NA,NA,NA,NA
"368",368,"7",1,"Y",2019-03-29,15:43:00,"Sunny","Clear",4841,16,20,"N",140,"N","Operator training","Y",12.5,18.5,94,0,9,":04",15.7,140,"D1","N","City","Y",NA,NA,NA,NA,NA,NA,NA,NA,NA,NA
"369",369,"2",3,"Y",2019-03-29,15:51:00,"Sunny","Clear",4842,14,18.5,"N",140,"N","Operator training","Y",11.5,20,81,0,9,":04",21.4,138,"D1","N","City","Y",NA,NA,NA,NA,NA,NA,NA,NA,NA,NA
"370",370,"6",1,"N",2019-03-29,16:03:00,"Sunny","Clear",4843,10.5,24,"N",138,"N",NA,"N",10.5,24.5,87,4,29,":06",13.9,132,"D1","N","City","Y",NA,NA,NA,NA,NA,NA,NA,NA,NA,NA
"371",371,"6",1,"N",2019-03-29,16:23:00,"Sunny","Clear",4847,13,26,"N",132,"N",NA,"N",11,24.5,74,8,41,":13",11.9,122,"D1","Y","Highway","Y",NA,NA,NA,NA,NA,NA,NA,NA,NA,NA
"372",372,"6",4,"N",2019-03-29,17:28:00,"Dim","Clear",4856,10.5,22,"N",122,"N",NA,"N",10.5,24,89,6,29,":14",14.8,112,"D1","Y","City","Y",NA,NA,NA,NA,NA,NA,NA,NA,NA,NA
"373",373,"6",2,"N",2019-03-29,19:08:00,"Sunny","Clear",4863,9.5,17.5,"N",112,"N",NA,"Y",8,22,84,18,42,":26",14.5,90,"D1","Y","City","Y",NA,"1home",2019-03-29,19:35:00,8,11.5,"N",19.2,NA,"Plugged in 17 hrs"
"374",374,"6",1,"Y",2019-03-30,12:57:00,"Sunny","Clear",4882,12,11.5,"N",197,"N",NA,"N",13.5,22,78,2,15,":09",15.7,194,"D1","Y","City","Y",NA,NA,NA,NA,NA,NA,NA,NA,NA,NA
"375",375,"6",1,"N",2019-03-30,13:29:00,"Sunny","Clear",4884,14.5,27.5,"N",203,"N",NA,"Y",14.5,28.5,95,1,21,":05",12.6,202,"D1","Y","City","Y",NA,NA,NA,NA,NA,NA,NA,NA,NA,NA
"376",376,"6",3,"N",2019-03-30,13:42:00,"Sunny","Clear",4886,16.5,28,"N",203,"N",NA,"N",15,26.5,91,1,24,":17",13.1,199,"D1","Y","City","Y",NA,NA,NA,NA,NA,NA,NA,NA,NA,NA
"377",377,"6",1,"N",2019-03-30,14:09:00,"Sunny","Clear",4893,17,27.5,"N",199,"N",NA,"Y",15.5,28,78,2,22,":09",13.7,196,"D1","Y","City","Y",NA,NA,NA,NA,NA,NA,NA,NA,NA,NA
"378",378,"6",1,"Y",2019-03-31,13:49:00,"Dim","Clear",4895,9,28.5,"N",196,"N","Stuffed car full of donations to Vallue Village","N",9.5,27.5,77,2,20,":07",14.6,188,"0","Y","City","Y",NA,NA,NA,NA,NA,NA,NA,NA,NA,NA
"379",379,"6",1,"N",2019-03-31,14:04:00,"Dim","Clear",4897,11,27,"N",187,"N",NA,"Y",9.5,26,77,2,20,":06",15.7,185,"0","N","City","Y",NA,NA,NA,NA,NA,NA,NA,NA,NA,NA
"380",380,"6",3,"N",2019-03-31,14:25:00,"Dim","Clear",4900,10.5,29,"N",185,"N",NA,"N",10,28,88,5,25,":12",15.2,180,"D1","N","Highway","Y",NA,NA,NA,NA,NA,NA,NA,NA,NA,NA
"381",381,"6",3,"N",2019-03-31,14:35:00,"Dim","Clear",4903,10.5,27.5,"N",181,"N",NA,"Y",9.5,27,82,3,33,":05",14.6,176,"D1","N","Highway","Y",NA,NA,NA,NA,NA,NA,NA,NA,NA,NA
"382",382,"6",1,"N",2019-04-01,08:16:00,"Dim","Clear",4906,1,1,"N",170,"N",NA,"Y",0.5,10.5,83,4,32,":08",19.8,156,"D1","Y","Highway","Y",NA,NA,NA,NA,NA,NA,NA,NA,NA,NA
"383",383,"6",1,"N",2019-04-01,16:03:00,"Dim","Clear",4910,10,18,"N",160,"N",NA,"N",9.5,21.5,87,4,19,":13",18,156,"D1","Y","City","Y",NA,NA,NA,NA,NA,NA,NA,NA,NA,NA
"384",384,"6",1,"N",2019-04-01,16:40:00,"Dim","Clear",4914,9.5,20.5,"N",155,"N","Got groceries","Y",9,22,84,3,21,":09",14.1,153,"D1","Y","City","Y",NA,NA,NA,NA,NA,NA,NA,NA,NA,NA
"385",385,"6",1,"Y",2019-04-02,08:16:00,"Sunny","Clear",4918,0.5,-2,"N",152,"N","Trouble making it accelerate at first ""recuperation 1""","N",0.5,19,86,4,26,":10",26,126,"D1","Y","Highway","Y",NA,NA,NA,NA,NA,NA,NA,NA,NA,NA
"386",386,"2",1,"Y",2019-04-02,11:46:00,"Sunny","Clear",4922,13.5,28.5,"N",126,"N",NA,"Y",9.5,30.1,77,4,24,":11",13.3,136,"0","N","City","Y",NA,NA,NA,NA,NA,NA,NA,NA,NA,NA
"387",387,"2",1,"Y",2019-04-02,14:39:00,"Sunny","Clear",4926,13.5,38.5,"N",134,"N",NA,"Y",11.5,28.4,90,5,29,":11",15.7,131,"0","N","City","Y","I did practice shift to driving mode (regen)",NA,NA,NA,NA,NA,NA,NA,NA,NA
"388",388,"1",1,"Y",2019-04-02,20:51:00,"Dark","Clear",4932,6,12,"N",130,"N",NA,"Y",3,13.5,79,17,53,":19",16.8,112,"D3","N","Highway","Y",NA,"2home",2019-04-02,21:12:00,3,1,"Y",18,NA,NA
"389",389,"1",1,"Y",2019-04-03,06:49:00,"Dim","Clear",4949,1,12,"Y",211,"N",NA,"Y",3.5,9.5,76,17,58,":18",14.6,201,"D3","N","Highway","Y",NA,NA,NA,NA,NA,NA,NA,NA,NA,NA
"390",390,"1",1,"Y",2019-04-03,11:11:00,"Sunny","Clear",4967,12,28,"N",201,"N",NA,"Y",11.5,28.5,81,3,31,":05",14.7,197,"D3","N","Highway","Y",NA,NA,NA,NA,NA,NA,NA,NA,NA,NA
"391",391,"1",1,"Y",2019-04-03,11:32:00,"Sunny","Clear",4970,12,28,"N",199,"N","wash","Y",9,28,89,3,26,":07",14,196,"D3","N","Highway","Y","wash",NA,NA,NA,NA,NA,NA,NA,NA,NA
"392",392,"1",1,"Y",2019-04-03,12:56:00,"Sunny","Clear",4973,13.5,32,"N",197,"N","Media","Y",14,19.5,86,3,10,":23",16.7,194,"0","N","City","Y","media",NA,NA,NA,NA,NA,NA,NA,NA,NA
"393",393,"1",1,"Y",2019-04-03,14:46:00,"Sunny","Clear",4977,15,30.5,"N",194,"N","Decals","Y",15,30.5,79,2,26,":06",15.2,190,"D3","N","Highway","Y","decals canceled",NA,NA,NA,NA,NA,NA,NA,NA,NA
"394",394,"1",1,"Y",2019-04-03,14:58:00,"Sunny","Clear",4980,15,29.5,"N",190,"N",NA,"Y",15,29.5,93,0,17,":03",12.2,189,"B","N","City","Y",NA,NA,NA,NA,NA,NA,NA,NA,NA,NA
"395",395,"1",1,"Y",2019-04-03,15:54:00,"Sunny","Clear",4981,16.5,28,"N",190,"N",NA,"Y",14.5,28,80,27,48,":34",15.7,153,"B","N","City/Highway","Y",NA,"2home",2019-03-03,16:29:00,14.5,6,"Y",11.5,NA,"1.2 kwh for departure"
"396",396,"1",1,"Y",2019-04-04,06:57:00,"Sunny","Clear",5009,6,17.5,"Y",213,"N",NA,"Y",3,15,78,17,56,":18",13,209,"B","N","Highway","Y",NA,NA,NA,NA,NA,NA,NA,NA,NA,NA
"397",397,"1",1,"Y",2019-04-04,16:20:00,"Sunny","Clear",5026,19,33,"N",209,"N",NA,"Y",16,27.5,83,18,43,":26",15.7,183,"B","N","City/Highway","Y",NA,"2home",2019-04-04,16:49:00,16,19.5,"N",6.2,NA,NA
"398",398,"1",1,"Y",2019-04-04,18:26:00,"Sunny","Clear",5045,19.5,27,"N",219,"N",NA,"Y",15,27,97,1,18,":03",11.8,220,"B","N","City","Y",NA,NA,NA,NA,NA,NA,NA,NA,NA,NA
"399",399,"1",1,"Y",2019-04-04,19:22:00,"Sunny","Clear",5046,15,22,"N",221,"N",NA,"Y",12.5,22,91,9,26,":21",15,211,"B","N","City","Y","Demo drive","2home",2019-04-04,19:44:00,12.5,-1,"N",2.7,NA,NA
"400",400,"1",1,"Y",2019-04-05,06:54:00,"Dim","Clear",5055,-1,13.5,"N",219,"N",NA,"Y",-0.5,9.5,94,17,49,":21",15.6,199,"0","N","Highway","Y",NA,NA,NA,NA,NA,NA,NA,NA,NA,NA
"401",401,"1",1,"Y",2019-04-05,08:39:00,"Dim","Clear",5073,2,4.5,"N",199,"N",NA,"Y",0.5,5,76,0,11,":02",25.9,197,"0","N","City","Y","seawa",NA,NA,NA,NA,NA,NA,NA,NA,NA
"402",402,"1",1,"Y",2019-04-05,15:52:00,"Sunny","Clear",5073,14.5,28,"N",197,"N",NA,"Y",13.5,27.5,93,0,9,":05",14.5,196,"0","N","City","Y",NA,NA,NA,NA,NA,NA,NA,NA,NA,NA
"403",403,"1",1,"Y",2019-04-05,16:39:00,"Sunny","Clear",5074,17.5,32.5,"N",196,"N",NA,"Y",14,29.5,87,6,29,"3:14",14.6,190,"B","N","City/Highway","Y",NA,NA,NA,NA,NA,NA,NA,NA,NA,NA
"404",404,"1",1,"Y",2019-04-05,17:16:00,"Dim","Clear",5081,16,29.5,"N",190,"N",NA,"Y",13.5,30,76,12,64,":11",15.3,177,"B","N","Highway","Y",NA,"2home",2019-04-06,08:14:00,10.5,12.5,"N",6.6,NA,NA
"405",405,"1",3,"Y",2019-04-07,10:50:00,"Sunny","Clear",5093,12.5,11.5,"N",215,"N",NA,"Y",13,19.5,71,15,63,":14",12.8,214,"B","Y","Highway","Y",NA,NA,NA,NA,NA,NA,NA,NA,NA,NA
"406",406,"1",3,"Y",2019-04-07,12:40:00,"Dim","Clear",5108,15.5,28.5,"N",215,"N",NA,"Y",15.5,23.5,85,8,14,":36",15.5,204,"B","N","City/Highway","Y",NA,NA,NA,NA,NA,NA,NA,NA,NA,NA
"407",407,"1",3,"Y",2019-04-07,13:35:00,"Dim","Clear",5117,16.5,25,"N",204,"N",NA,"Y",14.5,25.5,89,1,10,":06",15.8,203,"B","N","City","Y",NA,NA,NA,NA,NA,NA,NA,NA,NA,NA
"408",408,"1",3,"Y",2019-04-07,14:33:00,"Sunny","Clear",5118,15.5,32.5,"N",204,"N",NA,"Y",16.5,27,78,19,54,":22",17,164,"B","N","Highway","Y",NA,"2home",2019-04-07,14:59:00,16.5,2.5,"Y",8.8,NA,NA
"409",409,"1",1,"Y",2019-04-08,06:50:00,"Sunny","Clear",5137,2.5,12.5,"Y",211,"N",NA,"Y",0,12,76,17,57,":18",14.1,201,"B","N","Highway","Y",NA,NA,NA,NA,NA,NA,NA,NA,NA,NA
"410",410,"4",2,"Y",2019-04-08,16:15:00,"Sunny","Clear",5155,18,46,"N",202,"N",NA,"Y",15,29.5,92,8,23,":22",12.4,202,"B","N","City/Highway","Y",NA,NA,NA,NA,NA,NA,NA,NA,NA,NA
"411",411,"1",1,"Y",2019-04-08,16:51:00,"Sunny","Clear",5163,17,28,"N",202,"N",NA,"Y",15.5,28,85,17,55,":18",15.4,177,"B","N","Highway","Y",NA,"2home",2019-04-08,17:11:00,15.5,3,"Y",8.4,NA,NA
"412",412,"1",1,"Y",2019-04-09,06:55:00,"Sunny","Clear",5181,3,14.5,"Y",220,"N",NA,"Y",1.5,13.5,77,17,59,":17",13.8,210,"B","N","Highway","Y",NA,NA,NA,NA,NA,NA,NA,NA,NA,NA
"413",413,"1",1,"Y",2019-04-09,08:20:00,"Sunny","Clear",5198,6.5,12,"N",211,"N","stickers","Y",5,13.5,88,3,33,":05",15.1,207,"B","N","Highway","Y",NA,NA,NA,NA,NA,NA,NA,NA,NA,NA
"414",414,"1",1,"Y",2019-04-09,08:31:00,"Sunny","Clear",5201,6,13.5,"N",207,"N","stickers and wash","Y",11,15,74,0,8,":04",21,206,"B","N","City","Y",NA,NA,NA,NA,NA,NA,NA,NA,NA,NA
"415",415,"1",1,"Y",2019-04-09,09:36:00,"Sunny","Clear",5202,13,15.5,"N",206,"N",NA,"Y",10.5,17.5,71,5,49,":07",17,194,"B","N","City/Highway","Y",NA,NA,NA,NA,NA,NA,NA,NA,NA,NA
"416",416,"1",1,"Y",2019-04-09,10:10:00,"Sunny","Clear",5208,12,17.5,"N",194,"N",NA,"Y",12.5,16.5,82,4,35,":08",11.7,194,"B","N","City","Y",NA,NA,NA,NA,NA,NA,NA,NA,NA,NA
"417",417,"1",1,"Y",2019-04-09,16:50:00,"Dim","Clear",5212,15,21,"N",195,"N",NA,"Y",13.5,22,79,17,58,":18",14.6,177,"B","N","Highway","Y",NA,"2home",2019-04-09,17:10:00,13.5,1,"Y",8.9,NA,"0.86 kwh for departure"
"418",418,"1",1,"Y",2019-04-10,06:44:00,"Dim","Clear",5230,1,12,"Y",224,"N",NA,"Y",1.5,11,82,17,49,":21",13.7,214,"D1","N","Highway","Y",NA,NA,NA,NA,NA,NA,NA,NA,NA,NA
"419",419,"7",2,"Y",2019-04-10,15:07:00,"Dim","Clear",5248,13.5,37,"N",214,"N",NA,"Y",12.5,29.5,95,4,21,":11",12.9,213,"D1","N","City","Y",NA,NA,NA,NA,NA,NA,NA,NA,NA,NA
"420",420,"7",1,"Y",2019-04-10,16:10:00,"Dim","Clear",5252,18.5,34,"N",214,"N",NA,"Y",13.5,29.5,82,5,23,":14",8.9,214,"0","N","City","Y",NA,NA,NA,NA,NA,NA,NA,NA,NA,NA
"421",421,"7",2,"Y",2019-04-10,16:27:00,"Dim","Clear",5257,14.5,30,"N",220,"N",NA,"Y",14,25.5,80,3,22,":08",22.2,206,"0","Y","City","Y",NA,NA,NA,NA,NA,NA,NA,NA,NA,NA
"422",422,"7",2,"Y",2019-04-10,17:32:00,"Dim","Clear",5260,21.5,35,"N",207,"N",NA,"Y",13,32.5,93,7,32,":13",11.5,205,"D1","N","City/Highway","Y",NA,NA,NA,NA,NA,NA,NA,NA,NA,NA
"423",423,"7",2,"Y",2019-04-10,21:45:00,"Dark","Clear",5267,11,12.5,"N",206,"N",NA,"Y",8,15.5,93,6,30,":12",14.1,197,"D1","N","City/Highway","Y",NA,NA,NA,NA,NA,NA,NA,NA,NA,NA
"424",424,"7",2,"Y",2019-04-10,22:02:00,"Dark","Clear",5274,9,15,"N",198,"N",NA,"Y",7.5,16,90,6,31,":13",12.5,192,"0","N","City/Highway","Y",NA,NA,NA,NA,NA,NA,NA,NA,NA,NA
"425",425,"7",2,"Y",2019-04-10,22:26:00,"Dark","Clear",5281,7.5,14,"N",192,"N",NA,"Y",7,16.5,95,24,32,":46",12.6,173,"D1","N","City/Highway","Y",NA,NA,NA,NA,NA,NA,NA,NA,NA,NA
"426",426,"7",2,"Y",2019-04-11,07:51:00,"Sunny","Clear",5306,3,4.5,"N",173,"N",NA,"Y",3.5,10,94,6,28,":14",12.8,167,"D1","N","City","Y",NA,NA,NA,NA,NA,NA,NA,NA,NA,NA
"427",427,"7",1,"Y",2019-04-11,11:50:00,"Dim","Clear",5313,15,36,"N",167,"N",NA,"Y",11,26.5,93,9,23,":25",13.5,147,"D2","Y","City","Y",NA,NA,NA,NA,NA,NA,NA,NA,NA,NA
"428",428,"7",1,"Y",2019-04-11,12:45:00,"Dim","Clear",5323,14.5,33.5,"N",154,"N",NA,"Y",11.5,28.5,95,6,30,":13",10.8,147,"D1","Y","City","Y",NA,NA,NA,NA,NA,NA,NA,NA,NA,NA
"429",429,"7",1,"Y",2019-04-11,16:02:00,"Dim","Clear",5329,17.5,32,"N",151,"N",NA,"Y",12.5,26,94,4,27,":09",8.9,152,"D1","Y","City","Y",NA,NA,NA,NA,NA,NA,NA,NA,NA,NA
"430",430,"7",2,"Y",2019-04-11,16:24:00,"Dim","Clear",5334,14,27,"N",148,"N",NA,"Y",12,25.5,93,3,25,":08",20.1,136,"D3","Y","City","Y",NA,NA,NA,NA,NA,NA,NA,NA,NA,NA
"431",431,"7",2,"Y",2019-04-11,17:02:00,"Dim","Clear",5337,12.5,25.5,"N",135,"N",NA,"Y",11,26.5,92,12,41,":18",12.7,124,"D2","Y","City/Highway","Y",NA,NA,NA,NA,NA,NA,NA,NA,NA,NA
"432",432,"7",1,"Y",2019-04-11,19:17:00,"Dim","Clear",5350,9.5,18,"N",124,"N",NA,"Y",7.5,18.5,93,15,36,":26",36,121,"D1","N","City/Highway","Y",NA,NA,NA,NA,NA,NA,NA,NA,NA,NA
"433",433,"7",3,"Y",2019-04-11,19:30:00,"Dim","Clear",5350,8,17,"N",122,"N",NA,"Y",6.5,19.5,84,29,55,":32",14,84,"D1","N","City/Highway","Y",NA,NA,NA,NA,NA,NA,NA,NA,NA,NA
"434",434,"7",1,"Y",2019-04-11,20:52:00,"Dark","Clear",5382,5.5,11.5,"N",84,"N",NA,"Y",9.5,16,94,12,32,":22",11.1,74,"D1","N","City","Y",NA,"1home",2019-04-11,21:18:00,14.5,11,"N",1.8,NA,"don<U+0092>t think it actually charged"
"435",435,"7",2,"Y",2019-04-12,16:28:00,"Sunny","Clear",5345,11,26,"N",76,"N",NA,"Y",11.5,28,93,7,21,":22",13.4,67,"D1","N","City","Y",NA,NA,NA,NA,NA,NA,NA,NA,NA,NA
"436",436,"7",2,"Y",2019-04-12,17:05:00,"Sunny","Clear",5403,13.5,30,"N",104,"N",NA,"Y",11,29.5,75,2,21,":07",10.5,102,"0","N","City/Highway","Y",NA,"2station",2019-04-12,NA,NA,NA,"N",5,NA,NA
"437",437,"7",2,"Y",2019-04-12,17:56:00,"Sunny","Clear",5405,13,29,"N",102,"N",NA,"Y",11,28.5,79,9,40,":13",12.6,94,"0","N","City/Highway","Y",NA,"1home",2019-04-12,18:21:00,11,15,"N",23.3,NA,NA
"438",438,"7",2,"Y",2019-04-13,15:04:00,"Dim","Clear",5415,15,23.5,"N",236,"N",NA,"Y",14.5,25.5,77,16,53,":18",14.1,210,"D3","N","Highway","Y",NA,NA,NA,NA,NA,NA,NA,NA,NA,NA
"439",439,"7",2,"Y",2019-04-13,15:41:00,"Dim","Clear",5431,14,23.5,"N",216,"N",NA,"Y",14.5,24,79,5,30,":11",16.5,198,"D2","N","City/Highway","Y",NA,NA,NA,NA,NA,NA,NA,NA,NA,NA
"440",440,"7",2,"Y",2019-04-13,20:21:00,"Dim","Clear",5437,15,22.5,"N",200,"N",NA,"Y",14,24.5,81,8,33,":15",11.1,199,"0","N","City","Y",NA,NA,NA,NA,NA,NA,NA,NA,NA,NA
"441",441,"7",3,"Y",2019-04-14,16:51:00,"Dim","Clear",5445,8.5,14.5,"N",199,"N",NA,"Y",12.5,19,78,4,25,":12",8.6,204,"0","N","City","Y",NA,NA,NA,NA,NA,NA,NA,NA,NA,NA
"442",442,"7",2,"Y",2019-04-14,17:45:00,"Dim","Clear",5450,12,18,"N",204,"N",NA,"Y",11.5,20.5,95,3,27,":08",19.2,189,"D2","N","City","Y",NA,NA,NA,NA,NA,NA,NA,NA,NA,NA
"443",443,"7",2,"Y",2019-04-14,18:14:00,"Dim","Clear",5454,12,19.5,"N",189,"N",NA,"Y",11,23,87,17,30,":34",11.9,178,"0","N","City","Y",NA,NA,NA,NA,NA,NA,NA,NA,NA,NA
"444",444,"7",4,"Y",2019-04-14,20:13:00,"Dim","Clear",5471,7,13,"N",180,"N",NA,"Y",7.5,18.5,96,14,33,":25",12.5,167,"D2","N","City","Y",NA,"1home",2019-04-14,20:39:00,7.5,3.5,"N",12.5,NA,NA
"445",445,"7",2,"Y",2019-04-15,07:50:00,"Sunny","Clear",5485,3.5,1.5,"N",239,"N",NA,"Y",11,10,95,8,25,":21",12.6,232,"D1","N","City","Y",NA,NA,NA,NA,NA,NA,NA,NA,NA,NA
"446",446,"7",1,"Y",2019-04-15,11:50:00,"Sunny","Clear",5494,18,4,"N",234,"N",NA,"Y",11,33.5,93,7,27,":16",12.9,226,"D2","N","City/Highway","Y",NA,NA,NA,NA,NA,NA,NA,NA,NA,NA
"447",447,"7",1,"Y",2019-04-15,12:42:00,"Sunny","Clear",5502,12.5,4.5,"N",226,"N",NA,"Y",12,29.5,94,6,25,":15",10.7,225,"D2","N","City","Y","Window open",NA,NA,NA,NA,NA,NA,NA,NA,NA
"448",448,"7",1,"Y",2019-04-15,16:02:00,"Dim","Clear",5508,13.5,28,"N",225,"N",NA,"Y",13,30,95,4,28,":09",7.4,233,"D2","N","City","Y",NA,NA,NA,NA,NA,NA,NA,NA,NA,NA
"449",449,"7",2,"Y",2019-04-15,16:28:00,"Dim","Clear",5513,15,27.5,"N",233,"N",NA,"Y",12.5,27,96,3,22,":10",18.5,218,"D2","N","City","Y",NA,NA,NA,NA,NA,NA,NA,NA,NA,NA
"450",450,"7",1,"Y",2019-04-15,18:00:00,"Dim","Clear",5517,15,31,"N",218,"N",NA,"Y",11.5,29,88,6,33,":12",9.5,221,"0","N","City","Y",NA,NA,NA,NA,NA,NA,NA,NA,NA,NA
"451",451,"1",1,"Y",2019-04-16,08:57:00,"Sunny","Clear",5523,3,7,"N",221,"N",NA,"Y",3,10.5,90,1,12,":08",16.4,215,"0","N","City","Y",NA,NA,NA,NA,NA,NA,NA,NA,NA,NA
"452",452,"1",1,"Y",2019-04-16,13:15:00,"Dim","Clear",5525,16,30,"N",215,"N",NA,"Y",13.5,29,92,5,33,":09",14.7,193,"D3","Y","City/Highway","Y",NA,NA,NA,NA,NA,NA,NA,NA,NA,NA
"453",453,"1",1,"Y",2019-04-16,13:30:00,"Dim","Clear",5530,14.5,29,"N",203,"N",NA,"Y",13.5,29,94,4,29,":09",5.5,214,"D3","N","City","Y",NA,NA,NA,NA,NA,NA,NA,NA,NA,NA
"454",454,"1",1,"Y",2019-04-16,14:02:00,"Sunny","Clear",5535,14.5,26.5,"N",214,"N",NA,"Y",14,23,94,4,27,":09",15.4,203,"D3","N","City","Y",NA,NA,NA,NA,NA,NA,NA,NA,NA,NA
"455",455,"1",1,"Y",2019-04-16,16:07:00,"Sunny","Clear",5539,15.5,38.5,"N",203,"N",NA,"Y",14.5,34,73,8,49,":09",15.2,185,"D3","N","Highway","Y",NA,NA,NA,NA,NA,NA,NA,NA,NA,NA
"456",456,"1",1,"Y",2019-04-16,16:37:00,"Sunny","Clear",5547,16,33.5,"N",185,"N",NA,"Y",15,24,90,23,61,":23",14.5,145,"D3","N","Highway","Y",NA,"2home",2019-04-16,17:36:00,15,4,"Y",15.7,NA,NA
"457",457,"1",1,"Y",2019-04-17,06:57:00,"Sunny","Clear",5571,4,13.5,"Y",240,"N",NA,"Y",1,13,74,14,61,":14",13.7,228,"D3","N","Highway","Y",NA,NA,NA,NA,NA,NA,NA,NA,NA,NA
"458",458,"1",1,"Y",2019-04-17,07:29:00,"Sunny","Clear",5585,1,8,"N",227,"N",NA,"Y",15,10,81,3,27,":07",16.4,220,"D3","N","City/Highway","Y","Noticed sticker coming off the back window",NA,NA,NA,NA,NA,NA,NA,NA,NA
"459",459,"1",1,"Y",2019-04-17,11:43:00,"Sunny","Clear",5589,19.5,40.5,"N",220,"N",NA,"Y",16,26.5,85,4,36,":07",13.6,216,"D3","N","Highway","Y",NA,NA,NA,NA,NA,NA,NA,NA,NA,NA
"460",460,"1",1,"Y",2019-04-17,13:45:00,"Sunny","Clear",5593,15.5,34.5,"N",216,"N",NA,"Y",16,33,81,4,37,":07",13.1,212,"D3","N","Highway","Y",NA,NA,NA,NA,NA,NA,NA,NA,NA,NA
"461",461,"1",1,"Y",2019-04-18,11:41:00,"Sunny","Clear",5598,17.5,42.5,"N",214,"N",NA,"Y",16.5,30,84,3,23,":08",16.8,205,"D1","N","City/Highway","Y",NA,NA,NA,NA,NA,NA,NA,NA,NA,NA
"462",462,"1",1,"Y",2019-04-18,12:54:00,"Sunny","Clear",5601,18,42.5,"N",205,"N",NA,"Y",18.5,39.5,88,0,9,":03",21.7,204,"D1","N","City","Y",NA,NA,NA,NA,NA,NA,NA,NA,NA,NA
"463",463,"1",1,"Y",2019-04-18,13:25:00,"Sunny","Clear",5602,20,43.5,"N",204,"N",NA,"Y",18.5,35,87,2,31,":05",11.1,204,"D1","N","Highway","Y","Message occurs that says air resistance close window when driving highway speeds",NA,NA,NA,NA,NA,NA,NA,NA,NA
"464",464,"4",2,"Y",2019-04-18,14:44:00,"Sunny","Clear",5604,24,37,"N",204,"N",NA,"Y",21,26,86,3,11,":19",14.3,201,"0","N","City","Y",NA,NA,NA,NA,NA,NA,NA,NA,NA,NA
"465",465,"4",1,"Y",2019-04-18,18:06:00,"Sunny","Clear",5607,21.5,34.5,"N",201,"N",NA,"Y",21,25.5,85,7,22,":21",13,187,"0","Y","City","Y",NA,NA,NA,NA,NA,NA,NA,NA,NA,NA
"466",466,"4",1,"Y",2019-04-20,16:40:00,"Dim","Clear",5614,14.5,25.5,"N",190,"N",NA,"Y",14.5,23.5,79,8,16,":33",14.2,180,"0","Y","City","Y",NA,NA,NA,NA,NA,NA,NA,NA,NA,NA
"467",467,"4",3,"Y",2019-04-20,17:54:00,"Dim","Clear",5623,14.5,22,"N",181,"N",NA,"Y",13.5,24,83,10,21,":378",13.2,173,"0","Y","City","Y",NA,NA,NA,NA,NA,NA,NA,NA,NA,NA
"468",468,"4",1,"Y",2019-04-21,14:05:00,"Sunny","Clear",5635,13,36,"N",174,"N",NA,"Y",17,28,81,13,26,":31",12.5,166,"0","Y","City/Highway","Y",NA,"1college",2019-04-21,02:44:00,17,19.5,"N",4.9,NA,NA
"469",469,"4",1,"Y",2019-04-21,19:50:00,"Dim","Clear",5649,19.5,27.5,"N",197,"N",NA,"Y",15,25,85,7,26,":17",12.7,192,"0","Y","City",NA,NA,NA,NA,NA,NA,NA,NA,NA,NA,NA
"470",470,"4",1,"Y",2019-04-22,07:47:00,"Sunny","Clear",5657,9,14,"N",185,"N",NA,"Y",11,20.5,84,7,30,":14",14,184,"0","Y","City","Y",NA,NA,NA,NA,NA,NA,NA,NA,NA,NA
"471",471,"4",2,"Y",2019-04-22,11:14:00,"Sunny","Clear",5664,18.5,31,"N",179,"N",NA,"Y",20.5,27,74,11,40,":18",17.9,148,"0","Y","City/Highway","N",NA,NA,NA,NA,NA,NA,NA,NA,NA,NA
"472",472,"4",2,"Y",2019-04-22,13:11:00,"Sunny","Clear",5676,25.5,39,"N",151,"N",NA,"Y",22.5,30,73,24,38,":38",15.2,140,"0","Y","City/Highway","Y","did not reset after last trip OOPS",NA,NA,NA,NA,NA,NA,NA,NA,NA
"473",473,"4",1,"Y",2019-04-22,18:55:00,"Dim","Clear",5688,22,29,"N",142,"N",NA,"Y",21,23.5,83,7,29,":16",12.5,143,"0","Y","City","Y",NA,NA,NA,NA,NA,NA,NA,NA,NA,NA
"474",474,"4",2,"Y",2019-04-23,14:13:00,"Sunny","Clear",5696,21,42.5,"N",143,"N",NA,"Y",21,29,81,9,24,":26",13.3,130,"0","Y","City","Y",NA,NA,NA,NA,NA,NA,NA,NA,NA,NA
"475",475,"4",2,"Y",2019-04-23,14:50:00,"Sunny","Clear",5705,22.5,32.5,"N",127,"N",NA,"Y",21.5,28,84,13,30,":27",12.7,110,"0","Y","City","Y",NA,"1home",2019-04-23,04:35:00,22,14,"N",7.4,NA,NA
"476",476,"4",1,"Y",2019-04-24,10:36:00,"Sunny","Clear",5719,13.5,33,"N",165,"N",NA,"Y",15.5,28.5,81,5,10,":36",11.1,166,"0","Y","City","Y",NA,NA,NA,NA,NA,NA,NA,NA,NA,NA
"477",477,"4",1,"Y",2019-04-24,15:38:00,"Sunny","Clear",5725,20.5,42,"N",165,"N",NA,"Y",15.5,33.5,82,3,45,":12",45.5,159,"0","Y","City","Y",NA,NA,NA,NA,NA,NA,NA,NA,NA,NA
"478",478,"4",2,"Y",2019-04-24,16:09:00,"Dim","Clear",5726,20.5,30.5,"N",159,"N",NA,"Y",16.5,26,79,4,15,":18",17.1,152,"0","Y","City","Y",NA,NA,NA,NA,NA,NA,NA,NA,NA,NA
"479",479,"4",2,"Y",2019-04-25,11:37:00,"Sunny","Clear",5730,10,39,"N",146,"N",NA,"Y",10.5,25,83,21,22,":57",12.8,127,"0","Y","City","Y",NA,"1home",2019-04-25,12:39:00,11.5,13,"N",10.1,NA,NA
"480",480,"4",1,"Y",2019-04-26,07:45:00,"Dim","Clear",5751,8,10,"N",189,"N",NA,"Y",8,17.5,85,7,28,":16",13.3,182,"0","Y","City","Y",NA,NA,NA,NA,NA,NA,NA,NA,NA,NA
"481",481,"4",1,"Y",2019-04-26,16:58:00,"Dim","Clear",5759,5.5,13,"N",180,"N",NA,"Y",5.5,18,84,7,32,":14",15.2,165,"0","Y","City","Y",NA,NA,NA,NA,NA,NA,NA,NA,NA,NA
"482",482,"4",1,"Y",2019-04-26,16:43:00,"Sunny","Snowy",5766,3.5,24.5,"N",162,"N",NA,"Y",4.5,13,87,2,10,":16",19.1,160,"0","Y","City","Y","stop for phone call",NA,NA,NA,NA,NA,NA,NA,NA,NA
"483",483,"4",1,"Y",2019-04-28,17:43:00,"Sunny","Clear",5769,7,20,"N",160,"N",NA,"Y",5,19,81,5,11,":26",18.7,154,"0","Y","City","Y","stop for phone call",NA,NA,NA,NA,NA,NA,NA,NA,NA
"484",484,"4",1,"Y",2019-04-28,18:58:00,"Sunny","Clear",5771,5,15,"N",154,"N",NA,"Y",5,17,86,2,14,":11",17.2,149,"0","Y","City","Y","Brakes squeek in reverse",NA,NA,NA,NA,NA,NA,NA,NA,NA
"485",485,"4",1,"Y",2019-04-28,19:16:00,"Sunny","Clear",5774,7,17.5,"N",149,"N",NA,"Y",5,19,86,6,21,":18",14,142,"0","Y","City","Y",NA,"1home",2019-04-28,19:56:00,5,NA,"N",4.5,NA,NA
"486",486,"4",1,"Y",2019-04-28,07:04:00,"Sunny","Clear",5781,-1,1,"N",164,"N",NA,"Y",-3.5,14,85,7,27,":17",19.6,143,"0","Y","City","Y","didn't appear to charge last night",NA,NA,NA,NA,NA,NA,NA,NA,NA
"487",487,"4",2,"Y",2019-04-29,09:18:00,"Dim","Clear",5788,1,8,"N",144,"N",NA,"Y",0.5,13.5,84,10,23,":27",21.5,159,"0","Y","City","Y",NA,NA,NA,NA,NA,NA,NA,NA,NA,NA
"488",488,"4",2,"Y",2019-04-29,10:43:00,"Sunny","Clear",5791,3,16,"N",154,"N",NA,"Y",4,20,75,15,24,":37",20.2,127,"0","Y","City","Y",NA,NA,NA,NA,NA,NA,NA,NA,NA,NA
"489",489,"1",1,"Y",2019-04-29,16:39:00,"Sunny","Clear",5796,8.5,21.5,"N",141,"N",NA,"Y",8,23,98,3,22,":10",15.4,136,"D2","N","Highway","Y",NA,NA,NA,NA,NA,NA,NA,NA,NA,NA
"490",490,"1",1,"Y",2019-04-29,18:21:00,"Sunny","Clear",5799,8,19,"N",136,"N",NA,"Y",6,18.5,75,20,56,":21",17.1,100,"D2","N","Highway","Y",NA,"2home",2019-04-29,18:47:00,6,-2.5,"N",19.1,NA,NA
"491",491,"1",1,"Y",2019-04-30,06:37:00,"Sunny","Clear",5820,-2.5,-4,"N",193,"N",NA,"Y",-3.5,14,76,17,58,":18",17.9,173,"D2","Y","Highway","Y",NA,NA,NA,NA,NA,NA,NA,NA,NA,NA
"492",492,"1",1,"Y",2019-04-30,16:30:00,"Dim","Snowy",5837,6.5,22.5,"N",172,"N",NA,"Y",4.5,21.5,72,8,56,":8",15.5,174,"D2","Y","Highway","Y",NA,NA,NA,NA,NA,NA,NA,NA,NA,NA
"493",493,"1",1,"Y",2019-04-30,16:56:00,"Dim","Clear",5845,7,19.5,"N",173,"N",NA,"Y",5,21.5,70,24,65,":22",17.1,144,"D2","Y","Highway","Y",NA,"2home",2019-04-30,17:19:00,5,-3.5,"Y",11,NA,NA
"494",494,"1",1,"Y",2019-05-01,06:41:00,"Sunny","Clear",5870,-3.5,6,"Y",191,"N",NA,"Y",-2.5,14,73,17,58,":18",16.9,179,"D2","Y","Highway","Y",NA,NA,NA,NA,NA,NA,NA,NA,NA,NA
"495",495,"1",2,"Y",2019-05-01,16:22:00,"Dim","Clear",5887,11,28,"N",187,"N",NA,"Y",10.5,23.5,84,13,35,":23",14.1,180,"D2","Y","City/Highway","Y",NA,NA,NA,NA,NA,NA,NA,NA,NA,NA
"496",496,"1",1,"Y",2019-05-01,18:04:00,"Sunny","Clear",5901,11.5,22,"N",180,"N",NA,"Y",11,22.5,88,2,21,":06",12.1,181,"0","Y","City","Y",NA,NA,NA,NA,NA,NA,NA,NA,NA,NA
